title,name_en,name_zh,name_ja,has_in_game_screenshot,target_media_file,local_filename,image_url,width,height,filesize,local_rel_path,internal_id,filename_base,variant_id,series_id,game_sort_order,nookipedia_id,source,source_group,source_zh,source_ja,source_en,color_1,color_2,colors_zh,colors_ja,colors_en,version_added,version_rank,vfx,tag,color_rank,is_special,style_cluster,series_is_special,series_version_rank,series_style_cluster,series_anchor_id,default_sort_order
Item:Artsy parquet flooring (New Horizons),Artsy parquet flooring,藝術嵌木地板,アートなよせぎざいくのゆか,True,File:Artsy Parquet Flooring NH Screenshot.jpg,藝術嵌木地板_Artsy_parquet_flooring.jpg,https://dodo.ac/np/images/1/14/Artsy_Parquet_Flooring_NH_Screenshot.jpg,1280,720,304706,images/floors/藝術嵌木地板_Artsy_parquet_flooring.webp,5232,RoomTexFloorParquetArt,0,5232,149,5,Nook's Cranny,shop,商店購買,タヌキ商店,Nook's Cranny,Beige,Beige,米,ベージュ,Beige,1.0.0,1,No,Simple Parquet,2,0,10,0,1,10,5,0
Item:Birch flooring (New Horizons),Birch flooring,原木地板,しらきのフローリング,True,File:Birch Flooring NH Screenshot.jpg,原木地板_Birch_flooring.jpg,https://dodo.ac/np/images/c/c3/Birch_Flooring_NH_Screenshot.jpg,1280,720,177720,images/floors/原木地板_Birch_flooring.webp,5032,RoomTexFloorBirch,0,5032,96,11,Nook's Cranny,shop,商店購買,タヌキ商店,Nook's Cranny,White,White,白,ホワイト,White,1.0.0,1,No,Wood Floors,2,0,10,0,1,10,11,1
Item:White iron-parquet flooring (New Horizons),White iron-parquet flooring,白色鑄鐵拼花地板,しろいアイアンパーケットのゆか,True,File:White Iron-Parquet Flooring NH Screenshot.jpg,白色鑄鐵拼花地板_White_iron-parquet_flooring.jpg,https://dodo.ac/np/images/1/1b/White_Iron-Parquet_Flooring_NH_Screenshot.jpg,1280,720,215971,images/floors/白色鑄鐵拼花地板_White_iron-parquet_flooring.webp,6843,RoomTexFloorParquetIron,3,5064,131,206,Nook's Cranny,shop,商店購買,タヌキ商店,Nook's Cranny,White,White,白,ホワイト,White,1.0.0,1,No,Iron Parquet,1,0,10,0,1,10,12,2
Item:Gold iron-parquet flooring (New Horizons),Gold iron-parquet flooring,金色鑄鐵拼花地板,きんのアイアンパーケットのゆか,True,File:Gold Iron-Parquet Flooring NH Screenshot.jpg,金色鑄鐵拼花地板_Gold_iron-parquet_flooring.jpg,https://dodo.ac/np/images/c/c0/Gold_Iron-Parquet_Flooring_NH_Screenshot.jpg,1280,720,212638,images/floors/金色鑄鐵拼花地板_Gold_iron-parquet_flooring.webp,5064,RoomTexFloorParquetIron,0,5064,128,80,Nook's Cranny,shop,商店購買,タヌキ商店,Nook's Cranny,Beige,Beige,米,ベージュ,Beige,1.0.0,1,No,Iron Parquet,2,0,10,0,1,10,12,3
Item:Brown iron-parquet flooring (New Horizons),Brown iron-parquet flooring,銀色鑄鐵拼花地板,ぎんのアイアンパーケットのゆか,True,File:Brown Iron-Parquet Flooring NH Screenshot.jpg,銀色鑄鐵拼花地板_Brown_iron-parquet_flooring.jpg,https://dodo.ac/np/images/6/66/Brown_Iron-Parquet_Flooring_NH_Screenshot.jpg,1280,720,215570,images/floors/銀色鑄鐵拼花地板_Brown_iron-parquet_flooring.webp,5065,RoomTexFloorParquetIron,1,5064,129,28,Nook's Cranny,shop,商店購買,タヌキ商店,Nook's Cranny,Beige,Beige,米,ベージュ,Beige,1.0.0,1,No,Iron Parquet,2,0,10,0,1,10,12,4
Item:Black iron-parquet flooring (New Horizons),Black iron-parquet flooring,黑色鑄鐵拼花地板,くろいアイアンパーケットのゆか,True,File:Black Iron-Parquet Flooring NH Screenshot.jpg,黑色鑄鐵拼花地板_Black_iron-parquet_flooring.jpg,https://dodo.ac/np/images/2/28/Black_Iron-Parquet_Flooring_NH_Screenshot.jpg,1280,720,176015,images/floors/黑色鑄鐵拼花地板_Black_iron-parquet_flooring.webp,5066,RoomTexFloorParquetIron,2,5064,130,12,Nook's Cranny,shop,商店購買,タヌキ商店,Nook's Cranny,Black,White,黑 / 白,ブラック / ホワイト,Black / White,1.0.0,1,No,Iron Parquet,4,0,10,0,1,10,12,5
Item:Brown floral flooring (New Horizons),Brown floral flooring,茶色花朵地板,ちゃいろいフラワーフローリング,True,File:Brown Floral Flooring NH Screenshot.jpg,茶色花朵地板_Brown_floral_flooring.jpg,https://dodo.ac/np/images/6/66/Brown_Floral_Flooring_NH_Screenshot.jpg,1280,720,274954,images/floors/茶色花朵地板_Brown_floral_flooring.webp,5075,RoomTexFloorDecoWood,2,5073,140,26,Nook's Cranny,shop,商店購買,タヌキ商店,Nook's Cranny,Brown,White,棕 / 白,ブラウン / ホワイト,Brown / White,1.0.0,1,No,Deco Wood,2,0,10,0,1,10,17,6
Item:Yellow floral flooring (New Horizons),Yellow floral flooring,黃色花朵地板,きいろいフラワーフローリング,True,File:Yellow Floral Flooring NH Screenshot.jpg,黃色花朵地板_Yellow_floral_flooring.jpg,https://dodo.ac/np/images/4/41/Yellow_Floral_Flooring_NH_Screenshot.jpg,1280,720,291140,images/floors/黃色花朵地板_Yellow_floral_flooring.webp,5073,RoomTexFloorDecoWood,0,5073,138,214,Nook's Cranny,shop,商店購買,タヌキ商店,Nook's Cranny,Yellow,Yellow,黃,イエロー,Yellow,1.0.0,1,No,Deco Wood,5,0,10,0,1,10,17,7
Item:Green floral flooring (New Horizons),Green floral flooring,綠色花朵地板,グリーンのフラワーフローリング,True,File:Green Floral Flooring NH Screenshot.jpg,綠色花朵地板_Green_floral_flooring.jpg,https://dodo.ac/np/images/5/54/Green_Floral_Flooring_NH_Screenshot.jpg,1280,720,278471,images/floors/綠色花朵地板_Green_floral_flooring.webp,6847,RoomTexFloorDecoWood,3,5073,141,85,Nook's Cranny,shop,商店購買,タヌキ商店,Nook's Cranny,Green,Green,綠,グリーン,Green,1.0.0,1,No,Deco Wood,7,0,10,0,1,10,17,8
Item:Blue floral flooring (New Horizons),Blue floral flooring,藍色花朵地板,あおいフラワーフローリング,True,File:Blue Floral Flooring NH Screenshot.jpg,藍色花朵地板_Blue_floral_flooring.jpg,https://dodo.ac/np/images/a/aa/Blue_Floral_Flooring_NH_Screenshot.jpg,1280,720,263590,images/floors/藍色花朵地板_Blue_floral_flooring.webp,5074,RoomTexFloorDecoWood,1,5073,139,17,Nook's Cranny,shop,商店購買,タヌキ商店,Nook's Cranny,Blue,Blue,藍,ブルー,Blue,1.0.0,1,No,Deco Wood,8,0,10,0,1,10,17,9
Item:White-paint flooring (New Horizons),White-paint flooring,白色油漆地板,しろいペイントフローリング,True,File:White-Paint Flooring NH Screenshot.jpg,白色油漆地板_White-paint_flooring.jpg,https://dodo.ac/np/images/f/fe/White-Paint_Flooring_NH_Screenshot.jpg,1280,720,191151,images/floors/白色油漆地板_White-paint_flooring.webp,5060,RoomTexFloorPaintWood,3,5057,124,211,Nook's Cranny,shop,商店購買,タヌキ商店,Nook's Cranny,White,White,白,ホワイト,White,1.0.0,1,No,Painted Wood,1,0,10,0,1,10,22,10
Item:Pink-paint flooring (New Horizons),Pink-paint flooring,粉紅色油漆地板,ピンクのペイントフローリング,True,File:Pink-Paint Flooring NH Screenshot.jpg,粉紅色油漆地板_Pink-paint_flooring.jpg,https://dodo.ac/np/images/3/3a/Pink-Paint_Flooring_NH_Screenshot.jpg,1280,720,195602,images/floors/粉紅色油漆地板_Pink-paint_flooring.webp,5059,RoomTexFloorPaintWood,2,5057,123,145,Nook's Cranny,shop,商店購買,タヌキ商店,Nook's Cranny,Pink,Pink,粉紅,ピンク,Pink,1.0.0,1,No,Painted Wood,6,0,10,0,1,10,22,11
Item:Green-paint flooring (New Horizons),Green-paint flooring,綠色油漆地板,みどりのペイントフローリング,True,File:Green-Paint Flooring NH Screenshot.jpg,綠色油漆地板_Green-paint_flooring.jpg,https://dodo.ac/np/images/b/bd/Green-Paint_Flooring_NH_Screenshot.jpg,1280,720,195509,images/floors/綠色油漆地板_Green-paint_flooring.webp,5058,RoomTexFloorPaintWood,1,5057,122,91,Nook's Cranny,shop,商店購買,タヌキ商店,Nook's Cranny,Green,Green,綠,グリーン,Green,1.0.0,1,No,Painted Wood,7,0,10,0,1,10,22,12
Item:Blue-paint flooring (New Horizons),Blue-paint flooring,藍色油漆地板,あおいペイントフローリング,True,File:Blue-Paint Flooring NH Screenshot.jpg,藍色油漆地板_Blue-paint_flooring.jpg,https://dodo.ac/np/images/b/bd/Blue-Paint_Flooring_NH_Screenshot.jpg,1280,720,200701,images/floors/藍色油漆地板_Blue-paint_flooring.webp,5057,RoomTexFloorPaintWood,0,5057,121,22,Nook's Cranny,shop,商店購買,タヌキ商店,Nook's Cranny,Aqua,White,水藍 / 白,アクア / ホワイト,Aqua / White,1.0.0,1,No,Painted Wood,8,0,10,0,1,10,22,13
Item:Common flooring (New Horizons),Common flooring,常見地板,よくあるゆかいた,True,File:Common Flooring NH Screenshot.jpg,常見地板_Common_flooring.jpg,https://dodo.ac/np/images/3/3f/Common_Flooring_NH_Screenshot.jpg,1280,720,177646,images/floors/常見地板_Common_flooring.webp,5018,RoomTexFloorCommon,0,5018,80,45,Nook's Cranny,shop,商店購買,タヌキ商店,Nook's Cranny,Brown,Brown,棕,ブラウン,Brown,1.0.0,1,No,Wood Floors,2,0,10,0,1,10,45,14
Item:Cute-paint flooring (New Horizons),Cute-paint flooring,可愛油漆地板,キュートなペイントフローリング,True,File:Cute-Paint Flooring NH Screenshot.jpg,可愛油漆地板_Cute-paint_flooring.jpg,https://dodo.ac/np/images/3/37/Cute-Paint_Flooring_NH_Screenshot.jpg,1280,720,213352,images/floors/可愛油漆地板_Cute-paint_flooring.webp,5070,RoomTexFloorColorfulWood,0,5070,135,59,Nook's Cranny,shop,商店購買,タヌキ商店,Nook's Cranny,Pink,Orange,粉紅 / 橘,ピンク / オレンジ,Pink / Orange,1.0.0,1,No,Colorful Wood,5,0,10,0,1,10,49,15
Item:Cool-paint flooring (New Horizons),Cool-paint flooring,酷感油漆地板,クールなペイントフローリング,True,File:Cool-Paint Flooring NH Screenshot.jpg,酷感油漆地板_Cool-paint_flooring.jpg,https://dodo.ac/np/images/7/70/Cool-Paint_Flooring_NH_Screenshot.jpg,1280,720,209203,images/floors/酷感油漆地板_Cool-paint_flooring.webp,5071,RoomTexFloorColorfulWood,1,5070,136,49,Nook's Cranny,shop,商店購買,タヌキ商店,Nook's Cranny,Colorful,Colorful,彩色,カラフル,Colorful,1.0.0,1,No,Colorful Wood,10,0,10,0,1,10,49,16
Item:Cork flooring (New Horizons),Cork flooring,軟木地板,コルクフローリング,True,File:Cork Flooring NH Screenshot.jpg,軟木地板_Cork_flooring.jpg,https://dodo.ac/np/images/b/b3/Cork_Flooring_NH_Screenshot.jpg,1280,720,230639,images/floors/軟木地板_Cork_flooring.webp,4969,RoomTexFloorCork,0,4969,31,50,Nook's Cranny,shop,商店購買,タヌキ商店,Nook's Cranny,Beige,Beige,米,ベージュ,Beige,1.0.0,1,No,Wood Floors,2,0,10,0,1,10,50,17
Item:Cubic parquet flooring (New Horizons),Cubic parquet flooring,立方嵌木地板,キュービックなよせぎのゆか,True,File:Cubic Parquet Flooring NH Screenshot.jpg,立方嵌木地板_Cubic_parquet_flooring.jpg,https://dodo.ac/np/images/8/81/Cubic_Parquet_Flooring_NH_Screenshot.jpg,1280,720,235918,images/floors/立方嵌木地板_Cubic_parquet_flooring.webp,4987,RoomTexFloorHoneycombWood,0,4987,50,53,Nook's Cranny,shop,商店購買,タヌキ商店,Nook's Cranny,Orange,Orange,橘,オレンジ,Orange,1.0.0,1,No,Simple Parquet,2,0,10,0,1,10,53,18
Item:Light herringbone flooring (New Horizons),Light herringbone flooring,淺色人字斜紋地板,ライトなヘリンボーンのゆか,True,File:Light Herringbone Flooring NH Screenshot.jpg,淺色人字斜紋地板_Light_herringbone_flooring.jpg,https://dodo.ac/np/images/e/e0/Light_Herringbone_Flooring_NH_Screenshot.jpg,1280,720,243495,images/floors/淺色人字斜紋地板_Light_herringbone_flooring.webp,5061,RoomTexFloorHerringbone,0,5061,125,109,Nook's Cranny,shop,商店購買,タヌキ商店,Nook's Cranny,Beige,Beige,米,ベージュ,Beige,1.0.0,1,No,Herringbone,2,0,10,0,1,10,61,19
Item:Dark herringbone flooring (New Horizons),Dark herringbone flooring,深色人字斜紋地板,ダークなヘリンボーンのゆか,True,File:Dark Herringbone Flooring NH Screenshot.jpg,深色人字斜紋地板_Dark_herringbone_flooring.jpg,https://dodo.ac/np/images/7/7f/Dark_Herringbone_Flooring_NH_Screenshot.jpg,1280,720,206830,images/floors/深色人字斜紋地板_Dark_herringbone_flooring.webp,5062,RoomTexFloorHerringbone,1,5061,126,61,Nook's Cranny,shop,商店購買,タヌキ商店,Nook's Cranny,Brown,Brown,棕,ブラウン,Brown,1.0.0,1,No,Herringbone,2,0,10,0,1,10,61,20
Item:Light wood-pattern flooring (New Horizons),Light wood-pattern flooring,淺色嵌木地板,ライトなよせぎざいくのゆか,True,File:Light Wood-Pattern Flooring NH Screenshot.jpg,淺色嵌木地板_Light_wood-pattern_flooring.jpg,https://dodo.ac/np/images/c/cb/Light_Wood-Pattern_Flooring_NH_Screenshot.jpg,1280,720,236643,images/floors/淺色嵌木地板_Light_wood-pattern_flooring.webp,4991,RoomTexFloorSimpleParquet,0,4991,54,111,Nook's Cranny,shop,商店購買,タヌキ商店,Nook's Cranny,Beige,Beige,米,ベージュ,Beige,1.0.0,1,No,Simple Parquet,2,0,10,0,1,10,63,21
Item:Dark wood-pattern flooring (New Horizons),Dark wood-pattern flooring,深色嵌木地板,ダークなよせぎざいくのゆか,True,File:Dark Wood-Pattern Flooring NH Screenshot.jpg,深色嵌木地板_Dark_wood-pattern_flooring.jpg,https://dodo.ac/np/images/8/84/Dark_Wood-Pattern_Flooring_NH_Screenshot.jpg,1280,720,204335,images/floors/深色嵌木地板_Dark_wood-pattern_flooring.webp,4992,RoomTexFloorSimpleParquet,1,4991,55,63,Nook's Cranny,shop,商店購買,タヌキ商店,Nook's Cranny,Black,Black,黑,ブラック,Black,1.0.0,1,No,Simple Parquet,2,0,10,0,1,10,63,22
Item:Natural-block flooring (New Horizons),Natural-block flooring,自然風地板磚塊,ナチュラルフローリングブロック,True,File:Natural-Block Flooring NH Screenshot.jpg,自然風地板磚塊_Natural-block_flooring.jpg,https://dodo.ac/np/images/0/06/Natural-Block_Flooring_NH_Screenshot.jpg,1280,720,192405,images/floors/自然風地板磚塊_Natural-block_flooring.webp,5033,RoomTexFloorParquet,0,5033,97,127,Nook's Cranny,shop,商店購買,タヌキ商店,Nook's Cranny,Brown,Beige,棕 / 米,ブラウン / ベージュ,Brown / Beige,1.0.0,1,No,Parquet,2,0,10,0,1,10,64,23
Item:Dark-block flooring (New Horizons),Dark-block flooring,深色地板磚塊,ダークなフローリングブロック,True,File:Dark-Block Flooring NH Screenshot.jpg,深色地板磚塊_Dark-block_flooring.jpg,https://dodo.ac/np/images/e/e5/Dark-Block_Flooring_NH_Screenshot.jpg,1280,720,169793,images/floors/深色地板磚塊_Dark-block_flooring.webp,5035,RoomTexFloorParquet,1,5033,98,64,Nook's Cranny,shop,商店購買,タヌキ商店,Nook's Cranny,Brown,Brown,棕,ブラウン,Brown,1.0.0,1,No,Parquet,2,0,10,0,1,10,64,24
Item:Modern wood flooring (New Horizons),Modern wood flooring,拼木地板,ミックスウッドのフローリング,True,File:Modern Wood Flooring NH Screenshot.jpg,拼木地板_Modern_wood_flooring.jpg,https://dodo.ac/np/images/6/6b/Modern_Wood_Flooring_NH_Screenshot.jpg,1280,720,192960,images/floors/拼木地板_Modern_wood_flooring.webp,5044,RoomTexFloorMixwood,0,5044,108,119,Nook's Cranny,shop,商店購買,タヌキ商店,Nook's Cranny,Brown,Brown,棕,ブラウン,Brown,1.0.0,1,No,Wood Floors,2,0,10,0,1,10,119,25
Item:Nook Inc. flooring (New Horizons),Nook Inc. flooring,Nook Inc.地板,たぬきかいはつのフローリング,True,File:Nook Inc. Flooring NH Screenshot.jpg,Nook_Inc.地板_Nook_Inc._flooring.jpg,https://dodo.ac/np/images/8/87/Nook_Inc._Flooring_NH_Screenshot.jpg,1280,720,186026,images/floors/Nook_Inc.地板_Nook_Inc._flooring.webp,6005,RoomTexFloorFirst,0,6005,173,128,Nook Miles Redemption,miles,哩數兌換,マイル交換,Nook Miles,Brown,Brown,棕,ブラウン,Brown,1.0.0,1,No,Wood Floors,2,0,10,0,1,10,128,26
Item:Pine-board flooring (New Horizons),Pine-board flooring,松木地板,パインざいフローリング,True,File:Pine-Board Flooring NH Screenshot.jpg,松木地板_Pine-board_flooring.jpg,https://dodo.ac/np/images/d/de/Pine-Board_Flooring_NH_Screenshot.jpg,1280,720,197436,images/floors/松木地板_Pine-board_flooring.webp,5019,RoomTexFloorSimple,0,5019,81,144,Nook's Cranny,shop,商店購買,タヌキ商店,Nook's Cranny,Beige,Beige,米,ベージュ,Beige,1.0.0,1,No,Wood Floors,2,0,10,0,1,10,144,27
Item:Prom flooring (New Horizons),Prom flooring,畢業舞會地板,プロムのゆか,True,File:Prom Flooring NH Screenshot.jpg,畢業舞會地板_Prom_flooring.jpg,https://dodo.ac/np/images/a/a3/Prom_Flooring_NH_Screenshot.jpg,1280,720,244869,images/floors/畢業舞會地板_Prom_flooring.webp,14253,RoomTexFloorBallroom,0,14253,213,148,Nook Shopping Seasonal,seasonal,季節限定,シーズン限定,Seasonal / Event,Beige,Colorful,米 / 彩色,ベージュ / カラフル,Beige / Colorful,1.9.0,1,No,Wood Floors,2,0,10,0,1,10,148,28
Item:Rattan flooring (New Horizons),Rattan flooring,藤編地板,ラタンのゆか,True,File:Rattan Flooring NH Screenshot.jpg,藤編地板_Rattan_flooring.jpg,https://dodo.ac/np/images/0/0e/Rattan_Flooring_NH_Screenshot.jpg,1280,720,261888,images/floors/藤編地板_Rattan_flooring.webp,4967,RoomTexFloorRattan,0,4967,29,156,Nook's Cranny,shop,商店購買,タヌキ商店,Nook's Cranny,Beige,Beige,米,ベージュ,Beige,1.0.0,1,No,Wood Floors,2,0,10,0,1,10,156,29
Item:Rosewood flooring (New Horizons),Rosewood flooring,玫瑰木地板,ローズウッドのゆか,True,File:Rosewood Flooring NH Screenshot.jpg,玫瑰木地板_Rosewood_flooring.jpg,https://dodo.ac/np/images/e/e3/Rosewood_Flooring_NH_Screenshot.jpg,1280,720,180455,images/floors/玫瑰木地板_Rosewood_flooring.webp,5063,RoomTexFloorRoseWood,0,5063,127,166,Nook's Cranny,shop,商店購買,タヌキ商店,Nook's Cranny,Gray,Gray,灰,グレー,Gray,1.0.0,1,No,Wood Floors,2,0,10,0,1,10,166,30
Item:Sakura-wood flooring (New Horizons),Sakura-wood flooring,櫻花木地板,さくらのウッドフローリング,True,File:Sakura-Wood Flooring NH Screenshot.jpg,櫻花木地板_Sakura-wood_flooring.jpg,https://dodo.ac/np/images/4/4d/Sakura-Wood_Flooring_NH_Screenshot.jpg,1280,720,193911,images/floors/櫻花木地板_Sakura-wood_flooring.webp,5056,RoomTexFloorSolidWood,0,5056,120,171,Crafting,diy,DIY製作,DIYレシピ,Crafting,Pink,Pink,粉紅,ピンク,Pink,1.0.0,1,No,Wood Floors,2,0,10,0,1,10,171,31
Item:Spooky flooring (New Horizons),Spooky flooring,萬聖節地板,ハロウィンなゆか,True,File:Spooky Flooring NH Screenshot.jpg,萬聖節地板_Spooky_flooring.jpg,https://dodo.ac/np/images/d/d2/Spooky_Flooring_NH_Screenshot.jpg,1280,720,200382,images/floors/萬聖節地板_Spooky_flooring.webp,13225,RoomTexFloorHalloween,0,13225,205,186,All villagers,npc,活動/NPC,イベント/住民,Event / Special NPC,Brown,Brown,棕,ブラウン,Brown,1.5.0,1,No,Parquet,2,0,10,0,1,10,186,32
Item:Turkey Day flooring (New Horizons),Turkey Day flooring,感恩節地板,サンクスギビングなゆか,True,File:Turkey Day Flooring NH Screenshot.jpg,感恩節地板_Turkey_Day_flooring.jpg,https://dodo.ac/np/images/5/55/Turkey_Day_Flooring_NH_Screenshot.jpg,1280,720,273167,images/floors/感恩節地板_Turkey_Day_flooring.webp,13319,RoomTexFloorHarvest,0,13319,206,201,Franklin,npc,活動/NPC,イベント/住民,Event / Special NPC,Brown,Beige,棕 / 米,ブラウン / ベージュ,Brown / Beige,1.6.0,1,No,Wood Floors,2,0,10,0,1,10,201,33
Item:Wooden-knot flooring (New Horizons),Wooden-knot flooring,木節地板,ふしありフローリング,True,File:Wooden-Knot Flooring NH Screenshot.jpg,木節地板_Wooden-knot_flooring.jpg,https://dodo.ac/np/images/f/fe/Wooden-Knot_Flooring_NH_Screenshot.jpg,1280,720,190791,images/floors/木節地板_Wooden-knot_flooring.webp,5049,RoomTexFloorCedar,0,5049,113,213,Nook's Cranny,shop,商店購買,タヌキ商店,Nook's Cranny,Brown,Brown,棕,ブラウン,Brown,1.0.0,1,No,Wood Floors,2,0,10,0,1,10,213,34
Item:Arched-brick flooring (New Horizons),Arched-brick flooring,弧形磚塊地板,アーチレンガのゆか,True,File:Arched-Brick Flooring NH Screenshot.jpg,弧形磚塊地板_Arched-brick_flooring.jpg,https://dodo.ac/np/images/8/80/Arched-Brick_Flooring_NH_Screenshot.jpg,1280,720,274811,images/floors/弧形磚塊地板_Arched-brick_flooring.webp,4998,RoomTexFloorArchBrick,0,4998,61,3,Nook's Cranny,shop,商店購買,タヌキ商店,Nook's Cranny,Brown,Brown,棕,ブラウン,Brown,1.0.0,1,No,Arched Brick,2,0,20,0,1,20,3,35
Item:Basement flooring (New Horizons),Basement flooring,地下室地板,ちかしつのゆか,True,File:Basement Flooring NH Screenshot.jpg,地下室地板_Basement_flooring.jpg,https://dodo.ac/np/images/1/11/Basement_Flooring_NH_Screenshot.jpg,1280,720,198806,images/floors/地下室地板_Basement_flooring.webp,4797,RoomTexFloorBasement,0,4797,6,8,Crafting,diy,DIY製作,DIYレシピ,Crafting,Gray,Gray,灰,グレー,Gray,1.0.0,1,No,Stone Floors,3,0,20,0,1,20,8,36
Item:White-brick flooring (New Horizons),White-brick flooring,白色磚塊地板,しろレンガのゆか,True,File:White-Brick Flooring NH Screenshot.jpg,白色磚塊地板_White-brick_flooring.jpg,https://dodo.ac/np/images/5/5d/White-Brick_Flooring_NH_Screenshot.jpg,1280,720,202463,images/floors/白色磚塊地板_White-brick_flooring.webp,4974,RoomTexFloorBrick,0,4974,36,209,Nook's Cranny,shop,商店購買,タヌキ商店,Nook's Cranny,White,White,白,ホワイト,White,1.0.0,1,No,Brick,1,0,20,0,1,20,13,37
Item:Brown-brick flooring (New Horizons),Brown-brick flooring,茶色磚塊地板,ちゃいろいレンガのゆか,True,File:Brown-Brick Flooring NH Screenshot.jpg,茶色磚塊地板_Brown-brick_flooring.jpg,https://dodo.ac/np/images/6/61/Brown-Brick_Flooring_NH_Screenshot.jpg,1280,720,216295,images/floors/茶色磚塊地板_Brown-brick_flooring.webp,6849,RoomTexFloorBrick,3,4974,39,30,Nook's Cranny,shop,商店購買,タヌキ商店,Nook's Cranny,Brown,Brown,棕,ブラウン,Brown,1.0.0,1,No,Brick,2,0,20,0,1,20,13,38
Item:Black-brick flooring (New Horizons),Black-brick flooring,黑色磚塊地板,くろレンガのゆか,True,File:Black-Brick Flooring NH Screenshot.jpg,黑色磚塊地板_Black-brick_flooring.jpg,https://dodo.ac/np/images/d/d5/Black-Brick_Flooring_NH_Screenshot.jpg,1280,720,185077,images/floors/黑色磚塊地板_Black-brick_flooring.webp,4976,RoomTexFloorBrick,2,4974,38,13,Nook's Cranny,shop,商店購買,タヌキ商店,Nook's Cranny,Black,Black,黑,ブラック,Black,1.0.0,1,No,Brick,4,0,20,0,1,20,13,39
Item:Red-brick flooring (New Horizons),Red-brick flooring,紅色磚塊地板,あかレンガのゆか,True,File:Red-Brick Flooring NH Screenshot.jpg,紅色磚塊地板_Red-brick_flooring.jpg,https://dodo.ac/np/images/2/2a/Red-Brick_Flooring_NH_Screenshot.jpg,1280,720,192984,images/floors/紅色磚塊地板_Red-brick_flooring.webp,4975,RoomTexFloorBrick,1,4974,37,159,Nook's Cranny,shop,商店購買,タヌキ商店,Nook's Cranny,Red,Brown,紅 / 棕,レッド / ブラウン,Red / Brown,1.0.0,1,No,Brick,6,0,20,0,1,20,13,40
Item:Concrete flooring (New Horizons),Concrete flooring,混凝土地板,コンクリートのゆか,True,File:Concrete Flooring NH Screenshot.jpg,混凝土地板_Concrete_flooring.jpg,https://dodo.ac/np/images/3/34/Concrete_Flooring_NH_Screenshot.jpg,1280,720,178213,images/floors/混凝土地板_Concrete_flooring.webp,4951,RoomTexFloorConcrete,0,4951,8,46,Nook's Cranny,shop,商店購買,タヌキ商店,Nook's Cranny,Gray,Gray,灰,グレー,Gray,1.0.0,1,No,Stone Floors,3,0,20,0,1,20,46,41
Item:Flagstone flooring (New Horizons),Flagstone flooring,石板地板,フラッグストーンなゆか,True,File:Flagstone Flooring NH Screenshot.jpg,石板地板_Flagstone_flooring.jpg,https://dodo.ac/np/images/d/df/Flagstone_Flooring_NH_Screenshot.jpg,1280,720,272547,images/floors/石板地板_Flagstone_flooring.webp,5031,RoomTexFloorFlagStone,0,5031,95,70,Nook's Cranny,shop,商店購買,タヌキ商店,Nook's Cranny,Beige,Beige,米,ベージュ,Beige,1.0.0,1,No,Stone Floors,2,0,20,0,1,20,70,42
Item:Slate flooring (New Horizons),Slate flooring,不規則石板地,ランダムなしきいし,True,File:Slate Flooring NH Screenshot.jpg,不規則石板地_Slate_flooring.jpg,https://dodo.ac/np/images/3/34/Slate_Flooring_NH_Screenshot.jpg,1280,720,207868,images/floors/不規則石板地_Slate_flooring.webp,5233,RoomTexFloorSlate,0,5233,150,185,Nook's Cranny,shop,商店購買,タヌキ商店,Nook's Cranny,Gray,Gray,灰,グレー,Gray,1.0.0,1,No,Stone Floors,3,0,20,0,1,20,185,43
Item:Stone tile (New Horizons),Stone tile,大理石地板,だいりせきのゆか,True,File:Stone Tile NH Screenshot.jpg,大理石地板_Stone_tile.jpg,https://dodo.ac/np/images/b/be/Stone_Tile_NH_Screenshot.jpg,1280,720,179957,images/floors/大理石地板_Stone_tile.webp,5069,RoomTexFloorMarble,0,5069,134,190,Nook's Cranny,shop,商店購買,タヌキ商店,Nook's Cranny,White,White,白,ホワイト,White,1.0.0,1,No,Stone Floors,1,0,20,0,1,20,190,44
Item:White mosaic-tile flooring (New Horizons),White mosaic-tile flooring,白色馬賽克磚地板,しろいモザイクタイルのゆか,True,File:White Mosaic-Tile Flooring NH Screenshot.jpg,白色馬賽克磚地板_White_mosaic-tile_flooring.jpg,https://dodo.ac/np/images/c/cc/White_Mosaic-Tile_Flooring_NH_Screenshot.jpg,1280,720,213344,images/floors/白色馬賽克磚地板_White_mosaic-tile_flooring.webp,5020,RoomTexFloorTile,0,5020,82,207,Nook's Cranny,shop,商店購買,タヌキ商店,Nook's Cranny,White,White,白,ホワイト,White,1.0.0,1,No,Tile Floors,1,0,30,0,1,30,1,45
Item:Aqua tile flooring (New Horizons),Aqua tile flooring,水藍色馬賽克磚地板,みずいろモザイクタイルのゆか,True,File:Aqua Tile Flooring NH Screenshot.jpg,水藍色馬賽克磚地板_Aqua_tile_flooring.jpg,https://dodo.ac/np/images/3/32/Aqua_Tile_Flooring_NH_Screenshot.jpg,1280,720,245000,images/floors/水藍色馬賽克磚地板_Aqua_tile_flooring.webp,5036,RoomTexFloorTile,1,5020,83,1,Nook's Cranny,shop,商店購買,タヌキ商店,Nook's Cranny,Aqua,Aqua,水藍,アクア,Aqua,1.0.0,1,No,Tile Floors,8,0,30,0,1,30,1,46
Item:Blue mosaic-tile flooring (New Horizons),Blue mosaic-tile flooring,藍色馬賽克磚地板,ブルーモザイクタイルのゆか,True,File:Blue Mosaic-Tile Flooring NH Screenshot.jpg,藍色馬賽克磚地板_Blue_mosaic-tile_flooring.jpg,https://dodo.ac/np/images/2/26/Blue_Mosaic-Tile_Flooring_NH_Screenshot.jpg,1280,720,245615,images/floors/藍色馬賽克磚地板_Blue_mosaic-tile_flooring.webp,6846,RoomTexFloorTile,3,5020,85,20,Nook's Cranny,shop,商店購買,タヌキ商店,Nook's Cranny,Blue,Blue,藍,ブルー,Blue,1.0.0,1,No,Tile Floors,8,0,30,0,1,30,1,47
Item:Colorful mosaic-tile flooring (New Horizons),Colorful mosaic-tile flooring,彩色馬賽克磚地板,カラフルモザイクタイルのゆか,True,File:Colorful Mosaic-Tile Flooring NH Screenshot.jpg,彩色馬賽克磚地板_Colorful_mosaic-tile_flooring.jpg,https://dodo.ac/np/images/c/c2/Colorful_Mosaic-Tile_Flooring_NH_Screenshot.jpg,1280,720,241386,images/floors/彩色馬賽克磚地板_Colorful_mosaic-tile_flooring.webp,5037,RoomTexFloorTile,2,5020,84,42,Nook's Cranny,shop,商店購買,タヌキ商店,Nook's Cranny,Colorful,White,彩色 / 白,カラフル / ホワイト,Colorful / White,1.0.0,1,No,Tile Floors,10,0,30,0,1,30,1,48
Item:Argyle tile flooring (New Horizons),Argyle tile flooring,菱格紋磚地板,アーガイルなタイルのゆか,True,File:Argyle Tile Flooring NH Screenshot.jpg,菱格紋磚地板_Argyle_tile_flooring.jpg,https://dodo.ac/np/images/6/6d/Argyle_Tile_Flooring_NH_Screenshot.jpg,1280,720,243741,images/floors/菱格紋磚地板_Argyle_tile_flooring.webp,4994,RoomTexFloorTileWood,0,4994,57,4,Nook's Cranny,shop,商店購買,タヌキ商店,Nook's Cranny,White,Beige,白 / 米,ホワイト / ベージュ,White / Beige,1.0.0,1,No,Tile Floors,1,0,30,0,1,30,4,49
Item:Beige Moroccan flooring (New Horizons),Beige Moroccan flooring,米色摩洛哥磚地板,ベージュのモロッカンタイルゆか,True,File:Beige Moroccan Flooring NH Screenshot.jpg,米色摩洛哥磚地板_Beige_Moroccan_flooring.jpg,https://dodo.ac/np/images/0/07/Beige_Moroccan_Flooring_NH_Screenshot.jpg,1280,720,321030,images/floors/米色摩洛哥磚地板_Beige_Moroccan_flooring.webp,4965,RoomTexFloorMorocco,0,4965,25,9,Nook's Cranny,shop,商店購買,タヌキ商店,Nook's Cranny,Beige,White,米 / 白,ベージュ / ホワイト,Beige / White,1.0.0,1,No,Morocco,2,0,30,0,1,30,9,50
Item:Olive Moroccan flooring (New Horizons),Olive Moroccan flooring,黃綠色摩洛哥磚地板,きみどりモロッカンタイルゆか,True,File:Olive Moroccan Flooring NH Screenshot.jpg,黃綠色摩洛哥磚地板_Olive_Moroccan_flooring.jpg,https://dodo.ac/np/images/9/94/Olive_Moroccan_Flooring_NH_Screenshot.jpg,1280,720,313255,images/floors/黃綠色摩洛哥磚地板_Olive_Moroccan_flooring.webp,6928,RoomTexFloorMorocco,3,4965,28,132,Nook's Cranny,shop,商店購買,タヌキ商店,Nook's Cranny,Yellow,Brown,黃 / 棕,イエロー / ブラウン,Yellow / Brown,1.0.0,1,No,Morocco,5,0,30,0,1,30,9,51
Item:Blue Moroccan flooring (New Horizons),Blue Moroccan flooring,藍色摩洛哥磚地板,ブルーのモロッカンタイルゆか,True,File:Blue Moroccan Flooring NH Screenshot.jpg,藍色摩洛哥磚地板_Blue_Moroccan_flooring.jpg,https://dodo.ac/np/images/b/bd/Blue_Moroccan_Flooring_NH_Screenshot.jpg,1280,720,324422,images/floors/藍色摩洛哥磚地板_Blue_Moroccan_flooring.webp,4966,RoomTexFloorMorocco,1,4965,26,19,Nook's Cranny,shop,商店購買,タヌキ商店,Nook's Cranny,Blue,White,藍 / 白,ブルー / ホワイト,Blue / White,1.0.0,1,No,Morocco,8,0,30,0,1,30,9,52
Item:Purple Moroccan flooring (New Horizons),Purple Moroccan flooring,紫色摩洛哥磚地板,むらさきのモロッカンタイルゆか,True,File:Purple Moroccan Flooring NH Screenshot.jpg,紫色摩洛哥磚地板_Purple_Moroccan_flooring.jpg,https://dodo.ac/np/images/0/09/Purple_Moroccan_Flooring_NH_Screenshot.jpg,1280,720,323435,images/floors/紫色摩洛哥磚地板_Purple_Moroccan_flooring.webp,6927,RoomTexFloorMorocco,2,4965,27,150,Nook's Cranny,shop,商店購買,タヌキ商店,Nook's Cranny,Purple,White,紫 / 白,パープル / ホワイト,Purple / White,1.0.0,1,No,Morocco,9,0,30,0,1,30,9,53
Item:White honeycomb tile (New Horizons),White honeycomb tile,白色六角磚地板,ホワイトハニカムタイルのゆか,True,File:White Honeycomb Tile NH Screenshot.jpg,白色六角磚地板_White_honeycomb_tile.jpg,https://dodo.ac/np/images/c/cc/White_Honeycomb_Tile_NH_Screenshot.jpg,1280,720,205000,images/floors/白色六角磚地板_White_honeycomb_tile.webp,5042,RoomTexFloorHoneycomb,3,5038,103,205,Nook's Cranny,shop,商店購買,タヌキ商店,Nook's Cranny,White,White,白,ホワイト,White,1.0.0,1,No,Honeycomb,1,0,30,0,1,30,18,54
Item:Brown honeycomb tile (New Horizons),Brown honeycomb tile,棕色六角磚地板,ブラウンハニカムタイルのゆか,True,File:Brown Honeycomb Tile NH Screenshot.jpg,棕色六角磚地板_Brown_honeycomb_tile.jpg,https://dodo.ac/np/images/d/d4/Brown_Honeycomb_Tile_NH_Screenshot.jpg,1280,720,241223,images/floors/棕色六角磚地板_Brown_honeycomb_tile.webp,5038,RoomTexFloorHoneycomb,0,5038,100,27,Nook's Cranny,shop,商店購買,タヌキ商店,Nook's Cranny,Brown,Brown,棕,ブラウン,Brown,1.0.0,1,No,Honeycomb,2,0,30,0,1,30,18,55
Item:Green honeycomb tile (New Horizons),Green honeycomb tile,綠色六角磚地板,グリーンハニカムタイルのゆか,True,File:Green Honeycomb Tile NH Screenshot.jpg,綠色六角磚地板_Green_honeycomb_tile.jpg,https://dodo.ac/np/images/9/9b/Green_Honeycomb_Tile_NH_Screenshot.jpg,1280,720,252796,images/floors/綠色六角磚地板_Green_honeycomb_tile.webp,5041,RoomTexFloorHoneycomb,2,5038,102,86,Nook's Cranny,shop,商店購買,タヌキ商店,Nook's Cranny,Green,Green,綠,グリーン,Green,1.0.0,1,No,Honeycomb,7,0,30,0,1,30,18,56
Item:Blue honeycomb tile (New Horizons),Blue honeycomb tile,藍色六角磚地板,ブルーハニカムタイルのゆか,True,File:Blue Honeycomb Tile NH Screenshot.jpg,藍色六角磚地板_Blue_honeycomb_tile.jpg,https://dodo.ac/np/images/3/3e/Blue_Honeycomb_Tile_NH_Screenshot.jpg,1280,720,238001,images/floors/藍色六角磚地板_Blue_honeycomb_tile.webp,5040,RoomTexFloorHoneycomb,1,5038,101,18,Nook's Cranny,shop,商店購買,タヌキ商店,Nook's Cranny,Blue,Blue,藍,ブルー,Blue,1.0.0,1,No,Honeycomb,8,0,30,0,1,30,18,57
Item:White wedding flooring (New Horizons),White wedding flooring,婚禮白色磚地板,ウェディングなホワイトタイル,True,File:White Wedding Flooring NH Screenshot.jpg,婚禮白色磚地板_White_wedding_flooring.jpg,https://dodo.ac/np/images/a/ab/White_Wedding_Flooring_NH_Screenshot.jpg,1280,720,167455,images/floors/婚禮白色磚地板_White_wedding_flooring.webp,12431,RoomTexFloorMarbleTile,0,12431,188,208,Cyrus,npc,活動/NPC,イベント/住民,Event / Special NPC,White,Aqua,白 / 水藍,ホワイト / アクア,White / Aqua,1.2.0,1,No,Tile Floors,1,0,30,0,1,30,29,58
Item:Brown wedding flooring (New Horizons),Brown wedding flooring,婚禮棕色磚地板,ウェディングなブラウンタイル,True,File:Brown Wedding Flooring NH Screenshot.jpg,婚禮棕色磚地板_Brown_wedding_flooring.jpg,https://dodo.ac/np/images/c/c6/Brown_Wedding_Flooring_NH_Screenshot.jpg,1280,720,184595,images/floors/婚禮棕色磚地板_Brown_wedding_flooring.webp,12433,RoomTexFloorMarbleTile,1,12431,189,29,Cyrus,npc,活動/NPC,イベント/住民,Event / Special NPC,Brown,Beige,棕 / 米,ブラウン / ベージュ,Brown / Beige,1.2.0,1,No,Tile Floors,2,0,30,0,1,30,29,59
Item:Green wedding flooring (New Horizons),Green wedding flooring,婚禮綠色磚地板,ウェディングなグリーンタイル,True,File:Green Wedding Flooring NH Screenshot.jpg,婚禮綠色磚地板_Green_wedding_flooring.jpg,https://dodo.ac/np/images/9/99/Green_Wedding_Flooring_NH_Screenshot.jpg,1280,720,177058,images/floors/婚禮綠色磚地板_Green_wedding_flooring.webp,12434,RoomTexFloorMarbleTile,2,12431,190,90,Cyrus,npc,活動/NPC,イベント/住民,Event / Special NPC,Green,Aqua,綠 / 水藍,グリーン / アクア,Green / Aqua,1.2.0,1,No,Tile Floors,7,0,30,0,1,30,29,60
Item:Gray vinyl flooring (New Horizons),Gray vinyl flooring,灰階配色塑膠磚地板,モノクロピータイル,True,File:Gray Vinyl Flooring NH Screenshot.jpg,灰階配色塑膠磚地板_Gray_vinyl_flooring.jpg,https://dodo.ac/np/images/f/f1/Gray_Vinyl_Flooring_NH_Screenshot.jpg,1280,720,172677,images/floors/灰階配色塑膠磚地板_Gray_vinyl_flooring.webp,5046,RoomTexFloorTileChecker,0,5046,109,84,Nook's Cranny,shop,商店購買,タヌキ商店,Nook's Cranny,Gray,White,灰 / 白,グレー / ホワイト,Gray / White,1.0.0,1,No,Tile Checker,3,0,30,0,1,30,48,61
Item:Cool vinyl flooring (New Horizons),Cool vinyl flooring,酷感塑膠磚地板,クールなピータイル,True,File:Cool Vinyl Flooring NH Screenshot.jpg,酷感塑膠磚地板_Cool_vinyl_flooring.jpg,https://dodo.ac/np/images/8/8b/Cool_Vinyl_Flooring_NH_Screenshot.jpg,1280,720,161009,images/floors/酷感塑膠磚地板_Cool_vinyl_flooring.webp,6844,RoomTexFloorTileChecker,3,5046,112,48,Nook's Cranny,shop,商店購買,タヌキ商店,Nook's Cranny,Blue,Gray,藍 / 灰,ブルー / グレー,Blue / Gray,1.0.0,1,No,Tile Checker,3,0,30,0,1,30,48,62
Item:Red-and-black vinyl flooring (New Horizons),Red-and-black vinyl flooring,紅黑色塑膠磚地板,あかくろピータイル,True,File:Red-and-Black Vinyl Flooring NH Screenshot.jpg,紅黑色塑膠磚地板_Red-and-black_vinyl_flooring.jpg,https://dodo.ac/np/images/e/e0/Red-and-Black_Vinyl_Flooring_NH_Screenshot.jpg,1280,720,173240,images/floors/紅黑色塑膠磚地板_Red-and-black_vinyl_flooring.webp,5047,RoomTexFloorTileChecker,1,5046,110,158,Nook's Cranny,shop,商店購買,タヌキ商店,Nook's Cranny,Red,Gray,紅 / 灰,レッド / グレー,Red / Gray,1.0.0,1,No,Tile Checker,4,0,30,0,1,30,48,63
Item:Green vinyl flooring (New Horizons),Green vinyl flooring,綠色塑膠磚地板,みどりのピータイル,True,File:Green Vinyl Flooring NH Screenshot.jpg,綠色塑膠磚地板_Green_vinyl_flooring.jpg,https://dodo.ac/np/images/f/f2/Green_Vinyl_Flooring_NH_Screenshot.jpg,1280,720,176513,images/floors/綠色塑膠磚地板_Green_vinyl_flooring.webp,5048,RoomTexFloorTileChecker,2,5046,111,89,Nook's Cranny,shop,商店購買,タヌキ商店,Nook's Cranny,Green,White,綠 / 白,グリーン / ホワイト,Green / White,1.0.0,1,No,Tile Checker,7,0,30,0,1,30,48,64
Item:Cute white-tile flooring (New Horizons),Cute white-tile flooring,白色可愛磁磚地板,しろいキュートなフロアタイル,True,File:Cute White-Tile Flooring NH Screenshot.jpg,白色可愛磁磚地板_Cute_white-tile_flooring.jpg,https://dodo.ac/np/images/a/a1/Cute_White-Tile_Flooring_NH_Screenshot.jpg,1280,720,175362,images/floors/白色可愛磁磚地板_Cute_white-tile_flooring.webp,7219,RoomTexFloorCute,0,7219,176,57,Nook's Cranny,shop,商店購買,タヌキ商店,Nook's Cranny,White,White,白,ホワイト,White,1.0.0,1,No,Tile Floors,1,0,30,0,1,30,54,65
Item:Cute yellow-tile flooring (New Horizons),Cute yellow-tile flooring,黃色可愛磁磚地板,きいろいキュートなフロアタイル,True,File:Cute Yellow-Tile Flooring NH Screenshot.jpg,黃色可愛磁磚地板_Cute_yellow-tile_flooring.jpg,https://dodo.ac/np/images/0/00/Cute_Yellow-Tile_Flooring_NH_Screenshot.jpg,1280,720,161490,images/floors/黃色可愛磁磚地板_Cute_yellow-tile_flooring.webp,7222,RoomTexFloorCute,3,7219,179,58,Nook's Cranny,shop,商店購買,タヌキ商店,Nook's Cranny,Yellow,Yellow,黃,イエロー,Yellow,1.0.0,1,No,Tile Floors,5,0,30,0,1,30,54,66
Item:Cute red-tile flooring (New Horizons),Cute red-tile flooring,紅色可愛磁磚地板,あかいキュートなフロアタイル,True,File:Cute Red-Tile Flooring NH Screenshot.jpg,紅色可愛磁磚地板_Cute_red-tile_flooring.jpg,https://dodo.ac/np/images/1/1b/Cute_Red-Tile_Flooring_NH_Screenshot.jpg,1280,720,154380,images/floors/紅色可愛磁磚地板_Cute_red-tile_flooring.webp,7220,RoomTexFloorCute,1,7219,177,56,Nook's Cranny,shop,商店購買,タヌキ商店,Nook's Cranny,Red,Pink,紅 / 粉紅,レッド / ピンク,Red / Pink,1.0.0,1,No,Tile Floors,6,0,30,0,1,30,54,67
Item:Cute blue-tile flooring (New Horizons),Cute blue-tile flooring,藍色可愛磁磚地板,ブルーのキュートなフロアタイル,True,File:Cute Blue-Tile Flooring NH Screenshot.jpg,藍色可愛磁磚地板_Cute_blue-tile_flooring.jpg,https://dodo.ac/np/images/8/85/Cute_Blue-Tile_Flooring_NH_Screenshot.jpg,1280,720,165160,images/floors/藍色可愛磁磚地板_Cute_blue-tile_flooring.webp,7221,RoomTexFloorCute,2,7219,178,54,Nook's Cranny,shop,商店購買,タヌキ商店,Nook's Cranny,Blue,Blue,藍,ブルー,Blue,1.0.0,1,No,Tile Floors,8,0,30,0,1,30,54,68
Item:Floral mosaic-tile flooring (New Horizons),Floral mosaic-tile flooring,花式馬賽克磚,フローラルなモザイクタイル,True,File:Floral Mosaic-Tile Flooring NH Screenshot.jpg,花式馬賽克磚_Floral_mosaic-tile_flooring.jpg,https://dodo.ac/np/images/0/05/Floral_Mosaic-Tile_Flooring_NH_Screenshot.jpg,1280,720,316526,images/floors/花式馬賽克磚_Floral_mosaic-tile_flooring.webp,4993,RoomTexFloorMosaicTile,0,4993,56,71,Nook's Cranny,shop,商店購買,タヌキ商店,Nook's Cranny,White,White,白,ホワイト,White,1.0.0,1,No,Tile Floors,1,0,30,0,1,30,71,69
Item:Orange retro flooring (New Horizons),Orange retro flooring,橘色復古地板,オレンジレトロなゆか,True,File:Orange Retro Flooring NH Screenshot.jpg,橘色復古地板_Orange_retro_flooring.jpg,https://dodo.ac/np/images/c/c5/Orange_Retro_Flooring_NH_Screenshot.jpg,1280,720,325531,images/floors/橘色復古地板_Orange_retro_flooring.webp,5043,RoomTexFloorKitchen,0,5043,106,135,Nook's Cranny,shop,商店購買,タヌキ商店,Nook's Cranny,Orange,Orange,橘,オレンジ,Orange,1.0.0,1,No,Kitchen Floors,5,0,30,0,1,30,87,70
Item:Green retro flooring (New Horizons),Green retro flooring,綠色復古地板,グリーンレトロなゆか,True,File:Green Retro Flooring NH Screenshot.jpg,綠色復古地板_Green_retro_flooring.jpg,https://dodo.ac/np/images/5/55/Green_Retro_Flooring_NH_Screenshot.jpg,1280,720,298070,images/floors/綠色復古地板_Green_retro_flooring.webp,5045,RoomTexFloorKitchen,1,5043,107,87,Nook's Cranny,shop,商店購買,タヌキ商店,Nook's Cranny,Green,Green,綠,グリーン,Green,1.0.0,1,No,Kitchen Floors,7,0,30,0,1,30,87,71
Item:Hexagonal floral flooring (New Horizons),Hexagonal floral flooring,麻葉紋磚地板,あさのはタイルのゆか,True,File:Hexagonal Floral Flooring NH Screenshot.jpg,麻葉紋磚地板_Hexagonal_floral_flooring.jpg,https://dodo.ac/np/images/8/8d/Hexagonal_Floral_Flooring_NH_Screenshot.jpg,1280,720,206155,images/floors/麻葉紋磚地板_Hexagonal_floral_flooring.webp,4972,RoomTexFloorHempTile,0,4972,34,94,Nook's Cranny,shop,商店購買,タヌキ商店,Nook's Cranny,White,White,白,ホワイト,White,1.0.0,1,No,Tile Floors,1,0,30,0,1,30,94,72
Item:Kitschy tile (New Horizons),Kitschy tile,庸俗地板,キッチュなゆか,True,File:Kitschy Tile NH Screenshot.jpg,庸俗地板_Kitschy_tile.jpg,https://dodo.ac/np/images/b/b6/Kitschy_Tile_NH_Screenshot.jpg,1280,720,296172,images/floors/庸俗地板_Kitschy_tile.webp,5076,RoomTexFloorKitschTile,0,5076,142,105,Nook's Cranny,shop,商店購買,タヌキ商店,Nook's Cranny,Pink,White,粉紅 / 白,ピンク / ホワイト,Pink / White,1.0.0,1,No,Tile Floors,1,0,30,0,1,30,105,73
Item:Patchwork-tile flooring (New Horizons),Patchwork-tile flooring,拼花磚地板,パッチワークタイルのゆか,True,File:Patchwork-Tile Flooring NH Screenshot.jpg,拼花磚地板_Patchwork-tile_flooring.jpg,https://dodo.ac/np/images/7/75/Patchwork-Tile_Flooring_NH_Screenshot.jpg,1280,720,274982,images/floors/拼花磚地板_Patchwork-tile_flooring.webp,4995,RoomTexFloorPatchworkTile,0,4995,58,142,Nook's Cranny,shop,商店購買,タヌキ商店,Nook's Cranny,White,White,白,ホワイト,White,1.0.0,1,No,Tile Floors,1,0,30,0,1,30,142,74
Item:Random-square-tile flooring (New Horizons),Random-square-tile flooring,不規則方形磚地板,ランダムスクエアタイルのゆか,True,File:Random-Square-Tile Flooring NH Screenshot.jpg,不規則方形磚地板_Random-square-tile_flooring.jpg,https://dodo.ac/np/images/0/0d/Random-Square-Tile_Flooring_NH_Screenshot.jpg,1280,720,186141,images/floors/不規則方形磚地板_Random-square-tile_flooring.webp,4973,RoomTexFloorSquareTile,0,4973,35,155,Nook's Cranny,shop,商店購買,タヌキ商店,Nook's Cranny,White,White,白,ホワイト,White,1.0.0,1,No,Tile Floors,1,0,30,0,1,30,155,75
Item:Rubber-tile flooring (New Horizons),Rubber-tile flooring,橡膠磚地板,ゴムタイルのゆか,True,File:Rubber-Tile Flooring NH Screenshot.jpg,橡膠磚地板_Rubber-tile_flooring.jpg,https://dodo.ac/np/images/4/48/Rubber-Tile_Flooring_NH_Screenshot.jpg,1280,720,214365,images/floors/橡膠磚地板_Rubber-tile_flooring.webp,5163,RoomTexFloorRubberTile,0,5163,148,167,Nook's Cranny,shop,商店購買,タヌキ商店,Nook's Cranny,Gray,Gray,灰,グレー,Gray,1.0.0,1,No,Tile Floors,3,0,30,0,1,30,167,76
Item:Terra-cotta flooring (New Horizons),Terra-cotta flooring,陶磚地板,テラコッタタイルのゆか,True,File:Terra-Cotta Flooring NH Screenshot.jpg,陶磚地板_Terra-cotta_flooring.jpg,https://dodo.ac/np/images/9/96/Terra-Cotta_Flooring_NH_Screenshot.jpg,1280,720,196312,images/floors/陶磚地板_Terra-cotta_flooring.webp,4971,RoomTexFloorTileTerracotta,0,4971,33,197,Nook's Cranny,shop,商店購買,タヌキ商店,Nook's Cranny,Orange,Orange,橘,オレンジ,Orange,1.0.0,1,No,Tile Floors,5,0,30,0,1,30,197,77
Item:Tatami (New Horizons),Tatami,榻榻米,たたみ,True,File:Tatami NH Screenshot.jpg,榻榻米_Tatami.jpg,https://dodo.ac/np/images/b/b7/Tatami_NH_Screenshot.jpg,1280,720,244084,images/floors/榻榻米_Tatami.webp,5039,RoomTexFloorTatami,0,5039,104,194,Nook's Cranny,shop,商店購買,タヌキ商店,Nook's Cranny,Beige,Beige,米,ベージュ,Beige,1.0.0,1,No,Tatami,2,0,40,0,1,40,168,78
Item:Rush tatami (New Horizons),Rush tatami,燈心草榻榻米,いぐさのたたみ,True,File:Rush Tatami NH Screenshot.jpg,燈心草榻榻米_Rush_tatami.jpg,https://dodo.ac/np/images/d/d0/Rush_Tatami_NH_Screenshot.jpg,1280,720,254077,images/floors/燈心草榻榻米_Rush_tatami.webp,5079,RoomTexFloorTatami,1,5039,105,168,Nook's Cranny,shop,商店購買,タヌキ商店,Nook's Cranny,Beige,Beige,米,ベージュ,Beige,1.0.0,1,No,Tatami,2,0,40,0,1,40,168,79
Item:Tatami flooring (New Horizons),Tatami flooring,無邊榻榻米,ふちなしたたみ,True,File:Tatami Flooring NH Screenshot.jpg,無邊榻榻米_Tatami_flooring.jpg,https://dodo.ac/np/images/a/a7/Tatami_Flooring_NH_Screenshot.jpg,1280,720,274848,images/floors/無邊榻榻米_Tatami_flooring.webp,5077,RoomTexFloorTatamiPanel,0,5077,143,195,Nook's Cranny,shop,商店購買,タヌキ商店,Nook's Cranny,Green,White,綠 / 白,グリーン / ホワイト,Green / White,1.0.0,1,No,Tatami Panel,2,0,40,0,1,40,169,80
Item:Rush tatami flooring (New Horizons),Rush tatami flooring,燈心草無邊榻榻米,いぐさのふちなしたたみ,True,File:Rush Tatami Flooring NH Screenshot.jpg,燈心草無邊榻榻米_Rush_tatami_flooring.jpg,https://dodo.ac/np/images/7/71/Rush_Tatami_Flooring_NH_Screenshot.jpg,1280,720,284502,images/floors/燈心草無邊榻榻米_Rush_tatami_flooring.webp,5078,RoomTexFloorTatamiPanel,1,5077,144,169,Nook's Cranny,shop,商店購買,タヌキ商店,Nook's Cranny,Beige,Beige,米,ベージュ,Beige,1.0.0,1,No,Tatami Panel,2,0,40,0,1,40,169,81
Item:Arabesque flooring (New Horizons),Arabesque flooring,阿拉伯式地板,アラベスクなゆか,True,File:Arabesque Flooring NH Screenshot.jpg,阿拉伯式地板_Arabesque_flooring.jpg,https://dodo.ac/np/images/f/f0/Arabesque_Flooring_NH_Screenshot.jpg,1280,720,232281,images/floors/阿拉伯式地板_Arabesque_flooring.webp,4953,RoomTexFloorArabesque,0,4953,11,2,Nook's Cranny,shop,商店購買,タヌキ商店,Nook's Cranny,Black,Gray,黑 / 灰,ブラック / グレー,Black / Gray,1.0.0,1,No,Cloth Floors,3,0,50,0,1,50,2,82
Item:Jointed-mat flooring (New Horizons),Jointed-mat flooring,巧拼地墊地板,ジョイントマットのゆか,True,File:Jointed-Mat Flooring NH Screenshot.jpg,巧拼地墊地板_Jointed-mat_flooring.jpg,https://dodo.ac/np/images/1/1d/Jointed-Mat_Flooring_NH_Screenshot.jpg,1280,720,189340,images/floors/巧拼地墊地板_Jointed-mat_flooring.webp,4955,RoomTexFloorJointMat,0,4955,12,101,Nook's Cranny,shop,商店購買,タヌキ商店,Nook's Cranny,Beige,Beige,米,ベージュ,Beige,1.0.0,1,No,Cloth Floors,10,0,50,0,1,50,101,83
Item:Marine pop flooring (New Horizons),Marine pop flooring,波浪圖案地板,なみもようのゆか,True,File:Marine Pop Flooring NH Screenshot.jpg,波浪圖案地板_Marine_pop_flooring.jpg,https://dodo.ac/np/images/d/de/Marine_Pop_Flooring_NH_Screenshot.jpg,1280,720,216621,images/floors/波浪圖案地板_Marine_pop_flooring.webp,5024,RoomTexFloorFishPop,0,5024,93,115,Nook's Cranny,shop,商店購買,タヌキ商店,Nook's Cranny,Blue,Blue,藍,ブルー,Blue,1.0.0,1,No,Cloth Floors,8,0,50,0,1,50,115,84
Item:Rose flooring (New Horizons),Rose flooring,玫瑰地板,バラのじゅうたん,True,File:Rose Flooring NH Screenshot.jpg,玫瑰地板_Rose_flooring.jpg,https://dodo.ac/np/images/5/52/Rose_Flooring_NH_Screenshot.jpg,1280,720,295133,images/floors/玫瑰地板_Rose_flooring.webp,4958,RoomTexFloorRoseCarpet,0,4958,17,165,Nook's Cranny,shop,商店購買,タヌキ商店,Nook's Cranny,Red,Red,紅,レッド,Red,1.0.0,1,No,Cloth Floors,6,0,50,0,1,50,165,85
Item:Simple white flooring (New Horizons),Simple white flooring,白色簡約地板,しろいシンプルカーペット,True,File:Simple White Flooring NH Screenshot.jpg,白色簡約地板_Simple_white_flooring.jpg,https://dodo.ac/np/images/8/86/Simple_White_Flooring_NH_Screenshot.jpg,1280,720,187709,images/floors/白色簡約地板_Simple_white_flooring.webp,5004,RoomTexFloorSimpleCarpet,4,5000,66,182,Nook's Cranny,shop,商店購買,タヌキ商店,Nook's Cranny,White,White,白,ホワイト,White,1.0.0,1,No,Simple Carpet,1,0,50,0,1,50,179,86
Item:Simple red flooring (New Horizons),Simple red flooring,紅色簡約地板,あかいシンプルカーペット,True,File:Simple Red Flooring NH Screenshot.jpg,紅色簡約地板_Simple_red_flooring.jpg,https://dodo.ac/np/images/2/2d/Simple_Red_Flooring_NH_Screenshot.jpg,1280,720,203807,images/floors/紅色簡約地板_Simple_red_flooring.webp,5000,RoomTexFloorSimpleCarpet,0,5000,63,181,Nook's Cranny,shop,商店購買,タヌキ商店,Nook's Cranny,Red,Red,紅,レッド,Red,1.0.0,1,No,Simple Carpet,6,0,50,0,1,50,179,87
Item:Simple blue flooring (New Horizons),Simple blue flooring,藍色簡約地板,あおいシンプルカーペット,True,File:Simple Blue Flooring NH Screenshot.jpg,藍色簡約地板_Simple_blue_flooring.jpg,https://dodo.ac/np/images/4/42/Simple_Blue_Flooring_NH_Screenshot.jpg,1280,720,186090,images/floors/藍色簡約地板_Simple_blue_flooring.webp,5001,RoomTexFloorSimpleCarpet,1,5000,64,179,Nook's Cranny,shop,商店購買,タヌキ商店,Nook's Cranny,Blue,Blue,藍,ブルー,Blue,1.0.0,1,No,Simple Carpet,8,0,50,0,1,50,179,88
Item:Simple purple flooring (New Horizons),Simple purple flooring,紫色簡約地板,むらさきのシンプルカーペット,True,File:Simple Purple Flooring NH Screenshot.jpg,紫色簡約地板_Simple_purple_flooring.jpg,https://dodo.ac/np/images/d/d2/Simple_Purple_Flooring_NH_Screenshot.jpg,1280,720,185208,images/floors/紫色簡約地板_Simple_purple_flooring.webp,5003,RoomTexFloorSimpleCarpet,3,5000,65,180,Nook's Cranny,shop,商店購買,タヌキ商店,Nook's Cranny,Purple,Purple,紫,パープル,Purple,1.0.0,1,No,Simple Carpet,9,0,50,0,1,50,179,89
Item:Skull-print flooring (New Horizons),Skull-print flooring,骷髏地板,スカルなゆか,True,File:Skull-Print Flooring NH Screenshot.jpg,骷髏地板_Skull-print_flooring.jpg,https://dodo.ac/np/images/5/58/Skull-Print_Flooring_NH_Screenshot.jpg,1280,720,229936,images/floors/骷髏地板_Skull-print_flooring.webp,5248,RoomTexFloorSkull,0,5248,160,184,Nook's Cranny,shop,商店購買,タヌキ商店,Nook's Cranny,Black,Black,黑,ブラック,Black,1.0.0,1,No,Cloth Floors,4,0,50,0,1,50,184,90
Item:Stripe flooring (New Horizons),Stripe flooring,條紋地板,ストライプなゆか,True,File:Stripe Flooring NH Screenshot.jpg,條紋地板_Stripe_flooring.jpg,https://dodo.ac/np/images/d/d9/Stripe_Flooring_NH_Screenshot.jpg,1280,720,327715,images/floors/條紋地板_Stripe_flooring.webp,4963,RoomTexFloorStripe,0,4963,23,191,Nook's Cranny,shop,商店購買,タヌキ商店,Nook's Cranny,Colorful,Gray,彩色 / 灰,カラフル / グレー,Colorful / Gray,1.0.0,1,No,Cloth Floors,3,0,50,0,1,50,191,91
Item:Orange camo flooring (New Horizons),Orange camo flooring,橘色迷彩地板,オレンジめいさいのゆか,True,File:Orange Camo Flooring NH Screenshot.jpg,橘色迷彩地板_Orange_camo_flooring.jpg,https://dodo.ac/np/images/0/00/Orange_Camo_Flooring_NH_Screenshot.jpg,1280,720,258503,images/floors/橘色迷彩地板_Orange_camo_flooring.webp,6845,RoomTexFloorCamouflage,3,5015,79,134,Nook's Cranny,shop,商店購買,タヌキ商店,Nook's Cranny,Orange,Orange,橘,オレンジ,Orange,1.0.0,1,No,Camouflage,5,0,60,0,1,60,15,92
Item:Blue camo flooring (New Horizons),Blue camo flooring,藍色迷彩地板,ブルーめいさいのゆか,True,File:Blue Camo Flooring NH Screenshot.jpg,藍色迷彩地板_Blue_camo_flooring.jpg,https://dodo.ac/np/images/b/b5/Blue_Camo_Flooring_NH_Screenshot.jpg,1280,720,263249,images/floors/藍色迷彩地板_Blue_camo_flooring.webp,5016,RoomTexFloorCamouflage,1,5015,77,15,Nook's Cranny,shop,商店購買,タヌキ商店,Nook's Cranny,Blue,Blue,藍,ブルー,Blue,1.0.0,1,No,Camouflage,8,0,60,0,1,60,15,93
Item:Purple camo flooring (New Horizons),Purple camo flooring,紫色迷彩地板,パープルめいさいのゆか,True,File:Purple Camo Flooring NH Screenshot.jpg,紫色迷彩地板_Purple_camo_flooring.jpg,https://dodo.ac/np/images/0/0e/Purple_Camo_Flooring_NH_Screenshot.jpg,1280,720,275116,images/floors/紫色迷彩地板_Purple_camo_flooring.webp,5017,RoomTexFloorCamouflage,2,5015,78,149,Nook's Cranny,shop,商店購買,タヌキ商店,Nook's Cranny,Purple,Purple,紫,パープル,Purple,1.0.0,1,No,Camouflage,9,0,60,0,1,60,15,94
Item:Camo flooring (New Horizons),Camo flooring,迷彩地板,めいさいのゆか,True,File:Camo Flooring NH Screenshot.jpg,迷彩地板_Camo_flooring.jpg,https://dodo.ac/np/images/e/e4/Camo_Flooring_NH_Screenshot.jpg,1280,720,240592,images/floors/迷彩地板_Camo_flooring.webp,5015,RoomTexFloorCamouflage,0,5015,76,32,Nook's Cranny,shop,商店購買,タヌキ商店,Nook's Cranny,Black,Green,黑 / 綠,ブラック / グリーン,Black / Green,1.0.0,1,No,Camouflage,10,0,60,0,1,60,15,95
Item:Monochromatic dot flooring (New Horizons),Monochromatic dot flooring,灰階配色點點地板,モノクロドットカーペット,True,File:Monochromatice Tile Flooring NH Screenshot.jpg,灰階配色點點地板_Monochromatic_dot_flooring.jpg,https://dodo.ac/np/images/8/85/Monochromatice_Tile_Flooring_NH_Screenshot.jpg,1280,720,214686,images/floors/灰階配色點點地板_Monochromatic_dot_flooring.webp,5023,RoomTexFloorDot,0,5023,89,121,Nook's Cranny,shop,商店購買,タヌキ商店,Nook's Cranny,Gray,White,灰 / 白,グレー / ホワイト,Gray / White,1.0.0,1,No,Dot,3,0,60,0,1,60,16,96
Item:Red dot flooring (New Horizons),Red dot flooring,紅色點點地板,レッドドットカーペット,True,File:Red Dot Flooring NH Screenshot.jpg,紅色點點地板_Red_dot_flooring.jpg,https://dodo.ac/np/images/0/00/Red_Dot_Flooring_NH_Screenshot.jpg,1280,720,224178,images/floors/紅色點點地板_Red_dot_flooring.webp,5027,RoomTexFloorDot,2,5023,91,157,Nook's Cranny,shop,商店購買,タヌキ商店,Nook's Cranny,Red,Red,紅,レッド,Red,1.0.0,1,No,Dot,6,0,60,0,1,60,16,97
Item:Mint dot flooring (New Horizons),Mint dot flooring,薄荷綠點點地板,ミントドットカーペット,True,File:Mint Dot Flooring NH Screenshot.jpg,薄荷綠點點地板_Mint_dot_flooring.jpg,https://dodo.ac/np/images/d/df/Mint_Dot_Flooring_NH_Screenshot.jpg,1280,720,232508,images/floors/薄荷綠點點地板_Mint_dot_flooring.webp,5026,RoomTexFloorDot,1,5023,90,117,Nook's Cranny,shop,商店購買,タヌキ商店,Nook's Cranny,Green,Green,綠,グリーン,Green,1.0.0,1,No,Dot,7,0,60,0,1,60,16,98
Item:Blue dot flooring (New Horizons),Blue dot flooring,藍色點點地板,ブルードットカーペット,True,File:Blue Dot Flooring NH Screenshot.jpg,藍色點點地板_Blue_dot_flooring.jpg,https://dodo.ac/np/images/c/c9/Blue_Dot_Flooring_NH_Screenshot.jpg,1280,720,205129,images/floors/藍色點點地板_Blue_dot_flooring.webp,5028,RoomTexFloorDot,4,5023,92,16,Nook's Cranny,shop,商店購買,タヌキ商店,Nook's Cranny,Blue,Aqua,藍 / 水藍,ブルー / アクア,Blue / Aqua,1.0.0,1,No,Dot,8,0,60,0,1,60,16,99
Item:Green rubber flooring (New Horizons),Green rubber flooring,綠色塑膠地板,グリーンラバーのゆか,True,File:Green Rubber Flooring NH Screenshot.jpg,綠色塑膠地板_Green_rubber_flooring.jpg,https://dodo.ac/np/images/b/bc/Green_Rubber_Flooring_NH_Screenshot.jpg,1280,720,148806,images/floors/綠色塑膠地板_Green_rubber_flooring.webp,4952,RoomTexFloorRubber,0,4952,9,88,Nook's Cranny,shop,商店購買,タヌキ商店,Nook's Cranny,Green,Green,綠,グリーン,Green,1.0.0,1,No,Rubber,7,0,60,0,1,60,21,100
Item:Blue rubber flooring (New Horizons),Blue rubber flooring,藍色塑膠地板,ブルーラバーのゆか,True,File:Blue Rubber Flooring NH Screenshot.jpg,藍色塑膠地板_Blue_rubber_flooring.jpg,https://dodo.ac/np/images/5/53/Blue_Rubber_Flooring_NH_Screenshot.jpg,1280,720,171569,images/floors/藍色塑膠地板_Blue_rubber_flooring.webp,4954,RoomTexFloorRubber,1,4952,10,21,Nook's Cranny,shop,商店購買,タヌキ商店,Nook's Cranny,Blue,Aqua,藍 / 水藍,ブルー / アクア,Blue / Aqua,1.0.0,1,No,Rubber,8,0,60,0,1,60,21,101
Item:Brown argyle-tile flooring (New Horizons),Brown argyle-tile flooring,棕色菱格紋磚地板,ブラウンのアーガイルタイルゆか,True,File:Brown Argyle-Tile Flooring NH Screenshot.jpg,棕色菱格紋磚地板_Brown_argyle-tile_flooring.jpg,https://dodo.ac/np/images/e/ec/Brown_Argyle-Tile_Flooring_NH_Screenshot.jpg,1280,720,197772,images/floors/棕色菱格紋磚地板_Brown_argyle-tile_flooring.webp,5081,RoomTexFloorArgyleTile,1,5080,146,25,Nook's Cranny,shop,商店購買,タヌキ商店,Nook's Cranny,Brown,Brown,棕,ブラウン,Brown,1.0.0,1,No,Argyle,2,0,60,0,1,60,25,102
Item:Gray argyle-tile flooring (New Horizons),Gray argyle-tile flooring,灰色菱格紋磚地板,グレーのアーガイルタイルゆか,True,File:Gray Argyle-Tile Flooring NH Screenshot.jpg,灰色菱格紋磚地板_Gray_argyle-tile_flooring.jpg,https://dodo.ac/np/images/4/47/Gray_Argyle-Tile_Flooring_NH_Screenshot.jpg,1280,720,191712,images/floors/灰色菱格紋磚地板_Gray_argyle-tile_flooring.webp,5080,RoomTexFloorArgyleTile,0,5080,145,83,Nook's Cranny,shop,商店購買,タヌキ商店,Nook's Cranny,Gray,White,灰 / 白,グレー / ホワイト,Gray / White,1.0.0,1,No,Argyle,3,0,60,0,1,60,25,103
Item:Bunny Day flooring (New Horizons),Bunny Day flooring,復活節地板,イースターなゆか,True,File:Bunny Day Flooring NH Screenshot.jpg,復活節地板_Bunny_Day_flooring.jpg,https://dodo.ac/np/images/5/59/Bunny_Day_Flooring_NH_Screenshot.jpg,1280,720,200528,images/floors/復活節地板_Bunny_Day_flooring.webp,12423,RoomTexFloorEaster,0,12423,187,31,Crafting,diy,DIY製作,DIYレシピ,Crafting,Green,Colorful,綠 / 彩色,グリーン / カラフル,Green / Colorful,1.1.0,1,No,Dot,7,0,60,0,1,60,31,104
Item:Sepia puzzle flooring (New Horizons),Sepia puzzle flooring,深褐色巧拼地板,セピアパズルのゆか,True,File:Sepia Puzzle Flooring NH Screenshot.jpg,深褐色巧拼地板_Sepia_puzzle_flooring.jpg,https://dodo.ac/np/images/2/2c/Sepia_Puzzle_Flooring_NH_Screenshot.jpg,1280,720,256775,images/floors/深褐色巧拼地板_Sepia_puzzle_flooring.webp,7184,RoomTexFloorPuzzleMat,2,4956,15,176,Nook's Cranny,shop,商店購買,タヌキ商店,Nook's Cranny,Colorful,Colorful,彩色,カラフル,Colorful,1.0.0,1,No,Puzzle Mat,2,0,60,0,1,60,43,105
Item:Pastel puzzle flooring (New Horizons),Pastel puzzle flooring,粉嫩巧拼地板,パステルパズルのゆか,True,File:Pastel Puzzle Flooring NH Screenshot.jpg,粉嫩巧拼地板_Pastel_puzzle_flooring.jpg,https://dodo.ac/np/images/2/2b/Pastel_Puzzle_Flooring_NH_Screenshot.jpg,1280,720,217628,images/floors/粉嫩巧拼地板_Pastel_puzzle_flooring.webp,4956,RoomTexFloorPuzzleMat,0,4956,13,141,Nook's Cranny,shop,商店購買,タヌキ商店,Nook's Cranny,White,White,白,ホワイト,White,1.0.0,1,No,Puzzle Mat,6,0,60,0,1,60,43,106
Item:Purple puzzle flooring (New Horizons),Purple puzzle flooring,紫色巧拼地板,パープルパズルのゆか,True,File:Purple Puzzle Flooring NH Screenshot.jpg,紫色巧拼地板_Purple_puzzle_flooring.jpg,https://dodo.ac/np/images/2/28/Purple_Puzzle_Flooring_NH_Screenshot.jpg,1280,720,245949,images/floors/紫色巧拼地板_Purple_puzzle_flooring.webp,7185,RoomTexFloorPuzzleMat,3,4956,16,151,Nook's Cranny,shop,商店購買,タヌキ商店,Nook's Cranny,Purple,Colorful,紫 / 彩色,パープル / カラフル,Purple / Colorful,1.0.0,1,No,Puzzle Mat,9,0,60,0,1,60,43,107
Item:Colorful puzzle flooring (New Horizons),Colorful puzzle flooring,彩色巧拼地板,カラフルパズルのゆか,True,File:Colorful Puzzle Flooring NH Screenshot.jpg,彩色巧拼地板_Colorful_puzzle_flooring.jpg,https://dodo.ac/np/images/4/4d/Colorful_Puzzle_Flooring_NH_Screenshot.jpg,1280,720,278689,images/floors/彩色巧拼地板_Colorful_puzzle_flooring.webp,4957,RoomTexFloorPuzzleMat,1,4956,14,43,Nook's Cranny,shop,商店購買,タヌキ商店,Nook's Cranny,Colorful,Colorful,彩色,カラフル,Colorful,1.0.0,1,No,Puzzle Mat,10,0,60,0,1,60,43,108
Item:Monochromatic tile flooring (New Horizons),Monochromatic tile flooring,灰階配色拼接地板,モノクロパネルカーペット,False,File:Monochromatic_Tile_Flooring_NH_Icon.png,灰階配色拼接地板_Monochromatic_tile_flooring.png,https://dodo.ac/np/images/c/c8/Monochromatic_Tile_Flooring_NH_Icon.png,128,128,11471,images/floors/灰階配色拼接地板_Monochromatic_tile_flooring.webp,5067,RoomTexFloorPanel,0,5067,132,122,Nook's Cranny,shop,商店購買,タヌキ商店,Nook's Cranny,Black,White,黑 / 白,ブラック / ホワイト,Black / White,1.0.0,1,No,Panel,3,0,60,0,1,60,44,109
Item:Colorful tile flooring (New Horizons),Colorful tile flooring,彩色拼接地板,カラフルパネルカーペット,True,File:Colorful Tile Flooring NH Screenshot.jpg,彩色拼接地板_Colorful_tile_flooring.jpg,https://dodo.ac/np/images/5/52/Colorful_Tile_Flooring_NH_Screenshot.jpg,1280,720,256108,images/floors/彩色拼接地板_Colorful_tile_flooring.webp,5068,RoomTexFloorPanel,1,5067,133,44,Nook's Cranny,shop,商店購買,タヌキ商店,Nook's Cranny,Colorful,Colorful,彩色,カラフル,Colorful,1.0.0,1,No,Panel,10,0,60,0,1,60,44,110
Item:Light parquet flooring (New Horizons),Light parquet flooring,淺色拼花地板,ライトなパーケットフローリング,True,File:Light Parquet Flooring NH Screenshot.jpg,淺色拼花地板_Light_parquet_flooring.jpg,https://dodo.ac/np/images/c/c2/Light_Parquet_Flooring_NH_Screenshot.jpg,1280,720,213496,images/floors/淺色拼花地板_Light_parquet_flooring.webp,5022,RoomTexFloorCountry,0,5022,87,110,Nook's Cranny,shop,商店購買,タヌキ商店,Nook's Cranny,Beige,Brown,米 / 棕,ベージュ / ブラウン,Beige / Brown,1.0.0,1,No,Country,2,0,60,0,1,60,62,111
Item:Dark parquet flooring (New Horizons),Dark parquet flooring,深色拼花地板,ダークなパーケットフローリング,True,File:Dark Parquet Flooring NH Screenshot.jpg,深色拼花地板_Dark_parquet_flooring.jpg,https://dodo.ac/np/images/6/6d/Dark_Parquet_Flooring_NH_Screenshot.jpg,1280,720,200111,images/floors/深色拼花地板_Dark_parquet_flooring.webp,5025,RoomTexFloorCountry,1,5022,88,62,Nook's Cranny,shop,商店購買,タヌキ商店,Nook's Cranny,Black,Gray,黑 / 灰,ブラック / グレー,Black / Gray,1.0.0,1,No,Country,3,0,60,0,1,60,62,112
Item:Garbage-heap flooring (New Horizons),Garbage-heap flooring,垃圾堆地板,おへやのゆか,True,File:Garbage-Heap Flooring NH Screenshot.jpg,垃圾堆地板_Garbage-heap_flooring.jpg,https://dodo.ac/np/images/4/4a/Garbage-Heap_Flooring_NH_Screenshot.jpg,1280,720,286919,images/floors/垃圾堆地板_Garbage-heap_flooring.webp,5236,RoomTexFloorGarbage,0,5236,153,77,Crafting,diy,DIY製作,DIYレシピ,Crafting,White,White,白,ホワイト,White,1.0.0,1,No,Decadence,1,0,60,0,1,60,77,113
Item:Zebra-print flooring (New Horizons),Zebra-print flooring,斑馬紋地板,ゼブラなゆか,True,File:Zebra-Print Flooring NH Screenshot.jpg,斑馬紋地板_Zebra-print_flooring.jpg,https://dodo.ac/np/images/6/6d/Zebra-Print_Flooring_NH_Screenshot.jpg,1280,720,272142,images/floors/斑馬紋地板_Zebra-print_flooring.webp,4962,RoomTexFloorAnimal,2,4959,20,215,Nook's Cranny,shop,商店購買,タヌキ商店,Nook's Cranny,Black,White,黑 / 白,ブラック / ホワイト,Black / White,1.0.0,1,No,Animal Floors,1,0,60,0,1,60,78,114
Item:Leopard-print flooring (New Horizons),Leopard-print flooring,豹紋地板,レオパードなゆか,True,File:Leopard-Print Flooring NH Screenshot.jpg,豹紋地板_Leopard-print_flooring.jpg,https://dodo.ac/np/images/8/8c/Leopard-Print_Flooring_NH_Screenshot.jpg,1280,720,280922,images/floors/豹紋地板_Leopard-print_flooring.webp,4959,RoomTexFloorAnimal,0,4959,18,108,Nook's Cranny,shop,商店購買,タヌキ商店,Nook's Cranny,Orange,Brown,橘 / 棕,オレンジ / ブラウン,Orange / Brown,1.0.0,1,No,Animal Floors,2,0,60,0,1,60,78,115
Item:Giraffe-print flooring (New Horizons),Giraffe-print flooring,長頸鹿紋地板,ジラフなゆか,True,File:Giraffe-Print Flooring NH Screenshot.jpg,長頸鹿紋地板_Giraffe-print_flooring.jpg,https://dodo.ac/np/images/a/a4/Giraffe-Print_Flooring_NH_Screenshot.jpg,1280,720,235661,images/floors/長頸鹿紋地板_Giraffe-print_flooring.webp,4961,RoomTexFloorAnimal,1,4959,19,78,Nook's Cranny,shop,商店購買,タヌキ商店,Nook's Cranny,Beige,Beige,米,ベージュ,Beige,1.0.0,1,No,Animal Floors,2,0,60,0,1,60,78,116
Item:Tiger-print flooring (New Horizons),Tiger-print flooring,虎紋地板,タイガーなじゅうたん,True,File:Tiger-Print Flooring NH Screenshot.jpg,虎紋地板_Tiger-print_flooring.jpg,https://dodo.ac/np/images/3/31/Tiger-Print_Flooring_NH_Screenshot.jpg,1280,720,259012,images/floors/虎紋地板_Tiger-print_flooring.webp,6848,RoomTexFloorAnimal,3,4959,21,198,Nook's Cranny,shop,商店購買,タヌキ商店,Nook's Cranny,Black,Orange,黑 / 橘,ブラック / オレンジ,Black / Orange,1.0.0,1,No,Animal Floors,4,0,60,0,1,60,78,117
Item:Golden flooring (New Horizons),Golden flooring,黃金地板,おうごんのゆか,True,File:Golden Flooring NH Screenshot.jpg,黃金地板_Golden_flooring.jpg,https://dodo.ac/np/images/7/78/Golden_Flooring_NH_Screenshot.jpg,1280,720,277973,images/floors/黃金地板_Golden_flooring.webp,5021,RoomTexFloorGold,0,5021,86,81,Crafting,diy,DIY製作,DIYレシピ,Crafting,Yellow,Yellow,黃,イエロー,Yellow,1.0.0,1,No,Luxury,5,0,60,0,1,60,81,118
Item:Honeycomb flooring (New Horizons),Honeycomb flooring,蜂蜜地板,ハチミツなゆか,True,File:Honeycomb Flooring NH Screenshot.jpg,蜂蜜地板_Honeycomb_flooring.jpg,https://dodo.ac/np/images/d/d8/Honeycomb_Flooring_NH_Screenshot.jpg,1280,720,268232,images/floors/蜂蜜地板_Honeycomb_flooring.webp,4999,RoomTexFloorHoney,0,4999,62,96,Crafting,diy,DIY製作,DIYレシピ,Crafting,Yellow,Yellow,黃,イエロー,Yellow,1.0.0,1,No,Neta,5,0,60,0,1,60,96,119
Item:Money flooring (New Horizons),Money flooring,金錢地板,マネーなゆか,True,File:Money Flooring NH Screenshot.jpg,金錢地板_Money_flooring.jpg,https://dodo.ac/np/images/6/6f/Money_Flooring_NH_Screenshot.jpg,1280,720,318293,images/floors/金錢地板_Money_flooring.webp,4986,RoomTexFloorBill,0,4986,49,120,Crafting,diy,DIY製作,DIYレシピ,Crafting,White,White,白,ホワイト,White,1.0.0,1,No,Decadence,1,0,60,0,1,60,120,120
Item:Party flooring (New Horizons),Party flooring,派對地板,パーティーのゆか,True,File:Party Flooring NH Screenshot.jpg,派對地板_Party_flooring.jpg,https://dodo.ac/np/images/8/85/Party_Flooring_NH_Screenshot.jpg,1280,720,218288,images/floors/派對地板_Party_flooring.webp,5241,RoomTexFloorParty,0,5241,158,140,Birthday,npc,活動/NPC,イベント/住民,Event / Special NPC,Colorful,Gray,彩色 / 灰,カラフル / グレー,Colorful / Gray,1.0.0,1,No,Decadence,3,0,60,0,1,60,140,121
Item:Pirate flooring (New Horizons),Pirate flooring,海盜地板,かいぞくのゆか,True,File:Pirate Flooring NH Screenshot.jpg,海盜地板_Pirate_flooring.jpg,https://dodo.ac/np/images/6/6c/Pirate_Flooring_NH_Screenshot.jpg,1280,720,258444,images/floors/海盜地板_Pirate_flooring.webp,12569,RoomTexFloorPirates,0,12569,192,146,Gullivarrr,npc,活動/NPC,イベント/住民,Event / Special NPC,Brown,Yellow,棕 / 黃,ブラウン / イエロー,Brown / Yellow,1.3.0,1,No,Luxury,2,0,60,0,1,60,146,122
Item:Ship deck (New Horizons),Ship deck,甲板地板,かんぱんのゆか,True,File:Ship Deck NH Screenshot.jpg,甲板地板_Ship_deck.jpg,https://dodo.ac/np/images/7/7b/Ship_Deck_NH_Screenshot.jpg,1280,720,222248,images/floors/甲板地板_Ship_deck.webp,4950,RoomTexFloorSeaView,0,4950,7,177,Nook's Cranny,shop,商店購買,タヌキ商店,Nook's Cranny,Beige,Beige,米,ベージュ,Beige,1.0.0,1,No,Sports Floors,2,0,60,0,1,60,177,123
Item:Steel flooring (New Horizons),Steel flooring,鐵板地板,てっぱんのゆか,True,File:Steel Flooring NH Screenshot.jpg,鐵板地板_Steel_flooring.jpg,https://dodo.ac/np/images/1/14/Steel_Flooring_NH_Screenshot.jpg,1280,720,233131,images/floors/鐵板地板_Steel_flooring.webp,4960,RoomTexFloorSteel,0,4960,22,189,Crafting,diy,DIY製作,DIYレシピ,Crafting,Gray,Gray,灰,グレー,Gray,1.0.0,1,No,Iron,3,0,60,0,1,60,189,124
Item:Paradise Planning flooring (New Horizons),Paradise Planning flooring,巧美生活地板,タクミライフのゆか,False,File:Paradise_Planning_Flooring_NH_Icon.png,巧美生活地板_Paradise_Planning_flooring.png,https://dodo.ac/np/images/9/9a/Paradise_Planning_Flooring_NH_Icon.png,128,128,19481,images/floors/巧美生活地板_Paradise_Planning_flooring.webp,13026,RoomTexFloorGoldRich,0,13026,202,138,Wardell,npc,活動/NPC,イベント/住民,Event / Special NPC,Brown,Brown,棕,ブラウン,Brown,2.0.0,2,No,FloorSimpleGlodSilverBronze,2,0,60,0,2,60,138,125
Item:Backyard lawn (New Horizons),Backyard lawn,草坪地板,しばふのゆか,True,File:Backyard Lawn NH Screenshot.jpg,草坪地板_Backyard_lawn.jpg,https://dodo.ac/np/images/0/05/Backyard_Lawn_NH_Screenshot.jpg,1280,720,370146,images/floors/草坪地板_Backyard_lawn.webp,4979,RoomTexFloorLawn,0,4979,42,6,Crafting,diy,DIY製作,DIYレシピ,Crafting,Green,Green,綠,グリーン,Green,1.0.0,1,No,Grassland,7,1,110,1,1,110,6,126
Item:Bamboo flooring (New Horizons),Bamboo flooring,竹子地板,バンブーなゆか,True,File:Bamboo Flooring NH Screenshot.jpg,竹子地板_Bamboo_flooring.jpg,https://dodo.ac/np/images/d/dc/Bamboo_Flooring_NH_Screenshot.jpg,1280,720,227187,images/floors/竹子地板_Bamboo_flooring.webp,4964,RoomTexFloorBamboo,0,4964,24,7,Crafting,diy,DIY製作,DIYレシピ,Crafting,Green,Beige,綠 / 米,グリーン / ベージュ,Green / Beige,1.0.0,1,No,Nature - Green,2,1,110,1,1,110,7,127
Item:Cherry-blossom flooring (New Horizons),Cherry-blossom flooring,櫻花地板,さくらのじゅうたん,True,File:Cherry-Blossom Flooring NH Screenshot.jpg,櫻花地板_Cherry-blossom_flooring.jpg,https://dodo.ac/np/images/2/26/Cherry-Blossom_Flooring_NH_Screenshot.jpg,1280,720,420258,images/floors/櫻花地板_Cherry-blossom_flooring.webp,7204,RoomTexFloorSakura,0,7204,175,33,Crafting,diy,DIY製作,DIYレシピ,Crafting,Pink,Pink,粉紅,ピンク,Pink,1.0.0,1,No,Nature - Fallen Leaves,6,1,110,1,1,110,33,128
Item:Cloud flooring (New Horizons),Cloud flooring,雲上風景,くものうえ,True,File:Cloud Flooring NH Screenshot.jpg,雲上風景_Cloud_flooring.jpg,https://dodo.ac/np/images/2/2c/Cloud_Flooring_NH_Screenshot.jpg,1280,720,170598,images/floors/雲上風景_Cloud_flooring.webp,5267,RoomSpFloorCloud,0,5267,165,38,Saharah; Saharah's Co-op,saharah,駱嵐,ローラン,Saharah,White,White,白,ホワイト,White,1.0.0,1,Yes,Special Nature Floors,1,1,110,1,1,110,38,129
Item:Colored-leaves flooring (New Horizons),Colored-leaves flooring,楓葉地板,こうようのゆか,True,File:Colored-Leaves Flooring NH Screenshot.jpg,楓葉地板_Colored-leaves_flooring.jpg,https://dodo.ac/np/images/3/33/Colored-Leaves_Flooring_NH_Screenshot.jpg,1280,720,392672,images/floors/楓葉地板_Colored-leaves_flooring.webp,4990,RoomTexFloorAutumun,0,4990,53,40,Crafting,diy,DIY製作,DIYレシピ,Crafting,Orange,Orange,橘,オレンジ,Orange,1.0.0,1,No,Nature - Fallen Leaves,6,1,110,1,1,110,40,130
Item:Crop-circles flooring (New Horizons),Crop-circles flooring,麥田圈地板,ミステリーサークルなゆか,True,File:Crop-Circles Flooring NH Screenshot.jpg,麥田圈地板_Crop-circles_flooring.jpg,https://dodo.ac/np/images/0/0c/Crop-Circles_Flooring_NH_Screenshot.jpg,1280,720,374226,images/floors/麥田圈地板_Crop-circles_flooring.webp,5243,RoomTexFloorCropCircles,0,5243,159,51,Saharah; Saharah's Co-op,saharah,駱嵐,ローラン,Saharah,Green,Green,綠,グリーン,Green,1.0.0,1,No,Nature - Green,7,1,110,1,1,110,51,131
Item:Daisy meadow (New Horizons),Daisy meadow,草原地板,そうげんのゆか,True,File:Daisy Meadow NH Screenshot.jpg,草原地板_Daisy_meadow.jpg,https://dodo.ac/np/images/7/74/Daisy_Meadow_NH_Screenshot.jpg,1280,720,332757,images/floors/草原地板_Daisy_meadow.webp,5005,RoomTexFloorGrassland,0,5005,67,60,Saharah; Saharah's Co-op,saharah,駱嵐,ローラン,Saharah,Green,Green,綠,グリーン,Green,1.0.0,1,No,Grassland,7,1,110,1,1,110,60,132
Item:Wildflower meadow (New Horizons),Wildflower meadow,花草地板,くさばなのじゅうたん,True,File:Wildflower Meadow NH Screenshot.jpg,花草地板_Wildflower_meadow.jpg,https://dodo.ac/np/images/e/e4/Wildflower_Meadow_NH_Screenshot.jpg,1280,720,297758,images/floors/花草地板_Wildflower_meadow.webp,5006,RoomTexFloorGrassland,1,5005,68,212,Saharah; Saharah's Co-op,saharah,駱嵐,ローラン,Saharah,Green,Green,綠,グリーン,Green,1.0.0,1,No,Grassland,7,1,110,1,1,110,60,133
Item:Dig-site flooring (New Horizons),Dig-site flooring,地底地板,ちていのゆか,True,File:Dig-Site Flooring NH Screenshot.jpg,地底地板_Dig-site_flooring.jpg,https://dodo.ac/np/images/a/a5/Dig-Site_Flooring_NH_Screenshot.jpg,1280,720,206492,images/floors/地底地板_Dig-site_flooring.webp,5011,RoomTexFloorStratum,0,5011,73,66,Saharah; Saharah's Co-op,saharah,駱嵐,ローラン,Saharah,Brown,Beige,棕 / 米,ブラウン / ベージュ,Brown / Beige,1.0.0,1,No,Nature - Brown,2,1,110,1,1,110,66,134
Item:Dirt flooring (New Horizons),Dirt flooring,土壤地板,つちのゆか,True,File:Dirt Flooring NH Screenshot.jpg,土壤地板_Dirt_flooring.jpg,https://dodo.ac/np/images/7/75/Dirt_Flooring_NH_Screenshot.jpg,1280,720,206484,images/floors/土壤地板_Dirt_flooring.webp,4981,RoomTexFloorCottonSoil,0,4981,44,67,Saharah; Saharah's Co-op,saharah,駱嵐,ローラン,Saharah,Brown,Black,棕 / 黑,ブラウン / ブラック,Brown / Black,1.0.0,1,No,Nature - Brown,2,1,110,1,1,110,67,135
Item:Field flooring (New Horizons),Field flooring,旱田地板,はたけのゆか,True,File:Field Flooring NH Screenshot.jpg,旱田地板_Field_flooring.jpg,https://dodo.ac/np/images/c/c9/Field_Flooring_NH_Screenshot.jpg,1280,720,277737,images/floors/旱田地板_Field_flooring.webp,4980,RoomTexFloorFarm,0,4980,43,69,Saharah; Saharah's Co-op,saharah,駱嵐,ローラン,Saharah,Brown,Brown,棕,ブラウン,Brown,1.0.0,1,No,Nature - Brown,2,1,110,1,1,110,69,136
Item:Flowing-river flooring (New Horizons),Flowing-river flooring,河流地板,かわのながれるゆか,True,File:Flowing-River Flooring NH Screenshot.jpg,河流地板_Flowing-river_flooring.jpg,https://dodo.ac/np/images/5/53/Flowing-River_Flooring_NH_Screenshot.jpg,1280,720,259679,images/floors/河流地板_Flowing-river_flooring.webp,5273,RoomSpFloorRiver,0,5273,169,73,Saharah; Saharah's Co-op,saharah,駱嵐,ローラン,Saharah,Gray,Aqua,灰 / 水藍,グレー / アクア,Gray / Aqua,1.0.0,1,Yes,Special Nature Floors,3,1,110,1,1,110,73,137
Item:Forest flooring (New Horizons),Forest flooring,蘑菇森林地板,キノコのもりのゆか,True,File:Forest Flooring NH Screenshot.jpg,蘑菇森林地板_Forest_flooring.jpg,https://dodo.ac/np/images/4/49/Forest_Flooring_NH_Screenshot.jpg,1280,720,322493,images/floors/蘑菇森林地板_Forest_flooring.webp,7186,RoomTexFloorMushForest,0,7186,174,74,Crafting,diy,DIY製作,DIYレシピ,Crafting,Brown,Brown,棕,ブラウン,Brown,1.0.0,1,No,Nature - Fallen Leaves,2,1,110,1,1,110,74,138
Item:Galaxy flooring (New Horizons),Galaxy flooring,銀河系地板,ぎんがけいのゆか,True,File:Galaxy Flooring NH Screenshot.jpg,銀河系地板_Galaxy_flooring.jpg,https://dodo.ac/np/images/8/82/Galaxy_Flooring_NH_Screenshot.jpg,1280,720,189072,images/floors/銀河系地板_Galaxy_flooring.webp,5269,RoomSpFloorGalaxy,0,5269,167,76,Crafting,diy,DIY製作,DIYレシピ,Crafting,Blue,Blue,藍,ブルー,Blue,1.0.0,1,Yes,Special Nature Floors,8,1,110,1,1,110,76,139
Item:Ice flooring (New Horizons),Ice flooring,冰雪地板,アイスなゆか,True,File:Ice Flooring NH Screenshot.jpg,冰雪地板_Ice_flooring.jpg,https://dodo.ac/np/images/e/e9/Ice_Flooring_NH_Screenshot.jpg,1280,720,266422,images/floors/冰雪地板_Ice_flooring.webp,5516,RoomSpFloorIce,0,5516,172,98,Crafting,diy,DIY製作,DIYレシピ,Crafting,Aqua,Aqua,水藍,アクア,Aqua,1.0.0,1,Yes,Special Nature Floors,8,1,110,1,1,110,98,140
Item:Iceberg flooring (New Horizons),Iceberg flooring,流冰地板,りゅうひょうのゆか,True,File:Iceberg Flooring NH Screenshot.jpg,流冰地板_Iceberg_flooring.jpg,https://dodo.ac/np/images/2/29/Iceberg_Flooring_NH_Screenshot.jpg,1280,720,206810,images/floors/流冰地板_Iceberg_flooring.webp,5253,RoomSpFloorIceFloe,0,5253,163,99,Crafting,diy,DIY製作,DIYレシピ,Crafting,White,Aqua,白 / 水藍,ホワイト / アクア,White / Aqua,1.0.0,1,Yes,Special Nature Floors,1,1,110,1,1,110,99,141
Item:Jungle flooring (New Horizons),Jungle flooring,叢林地板,ジャングルのゆか,True,File:Jungle Flooring NH Screenshot.jpg,叢林地板_Jungle_flooring.jpg,https://dodo.ac/np/images/a/a5/Jungle_Flooring_NH_Screenshot.jpg,1280,720,325875,images/floors/叢林地板_Jungle_flooring.webp,5515,RoomTexFloorJungle,0,5515,171,102,Crafting,diy,DIY製作,DIYレシピ,Crafting,Green,Green,綠,グリーン,Green,1.0.0,1,No,Nature - Green,7,1,110,1,1,110,102,142
Item:Lunar surface (New Horizons),Lunar surface,月球表面地板,げつめんのゆか,True,File:Lunar Surface NH Screenshot.jpg,月球表面地板_Lunar_surface.jpg,https://dodo.ac/np/images/1/10/Lunar_Surface_NH_Screenshot.jpg,1280,720,190955,images/floors/月球表面地板_Lunar_surface.webp,4968,RoomTexFloorLunar,0,4968,30,113,Crafting,diy,DIY製作,DIYレシピ,Crafting,White,Gray,白 / 灰,ホワイト / グレー,White / Gray,1.0.0,1,No,Nature - White,1,1,110,1,1,110,113,143
Item:Mermaid flooring (New Horizons),Mermaid flooring,人魚地板,マーメイドなゆか,True,File:Mermaid Flooring NH Screenshot.jpg,人魚地板_Mermaid_flooring.jpg,https://dodo.ac/np/images/1/10/Mermaid_Flooring_NH_Screenshot.jpg,1280,720,238465,images/floors/人魚地板_Mermaid_flooring.webp,12568,RoomSpFloorMermaid,0,12568,191,116,Crafting,diy,DIY製作,DIYレシピ,Crafting,Aqua,Pink,水藍 / 粉紅,アクア / ピンク,Aqua / Pink,1.3.0,1,Yes,Nature - White,6,1,110,1,1,110,116,144
Item:Mossy-garden flooring (New Horizons),Mossy-garden flooring,青苔庭園地板,こけにわのゆか,True,File:Mossy-Garden Flooring NH Screenshot.jpg,青苔庭園地板_Mossy-garden_flooring.jpg,https://dodo.ac/np/images/7/72/Mossy-Garden_Flooring_NH_Screenshot.jpg,1280,720,249253,images/floors/青苔庭園地板_Mossy-garden_flooring.webp,5234,RoomTexFloorMoss,0,5234,151,124,Saharah; Saharah's Co-op,saharah,駱嵐,ローラン,Saharah,Green,Green,綠,グリーン,Green,1.0.0,1,No,Nature - Green,7,1,110,1,1,110,124,145
Item:Rocky-mountain flooring (New Horizons),Rocky-mountain flooring,巖山地板,いわやまのゆか,True,File:Rocky-Mountain Flooring NH Screenshot.jpg,巖山地板_Rocky-mountain_flooring.jpg,https://dodo.ac/np/images/1/1f/Rocky-Mountain_Flooring_NH_Screenshot.jpg,1280,720,241706,images/floors/巖山地板_Rocky-mountain_flooring.webp,5239,RoomTexFloorRock,0,5239,156,162,Saharah; Saharah's Co-op,saharah,駱嵐,ローラン,Saharah,Beige,Beige,米,ベージュ,Beige,1.0.0,1,No,Nature - Brown,2,1,110,1,1,110,162,146
Item:Saharah's desert (New Horizons),Saharah's desert,沙漠地板,さばくなゆか,True,File:Saharah's Desert NH Screenshot.jpg,沙漠地板_Saharah's_desert.jpg,https://dodo.ac/np/images/3/33/Saharah%27s_Desert_NH_Screenshot.jpg,1280,720,215583,images/floors/沙漠地板_Saharah's_desert.webp,4983,RoomTexFloorDesert,0,4983,46,170,Saharah; Saharah's Co-op,saharah,駱嵐,ローラン,Saharah,Beige,Beige,米,ベージュ,Beige,1.0.0,1,No,Nature - White,2,1,110,1,1,110,170,147
Item:Sandlot (New Horizons),Sandlot,空地地板,あきちのゆか,True,File:Sandlot NH Screenshot.jpg,空地地板_Sandlot.jpg,https://dodo.ac/np/images/a/ae/Sandlot_NH_Screenshot.jpg,1280,720,206898,images/floors/空地地板_Sandlot.webp,4985,RoomTexFloorEmptyLot,0,4985,48,172,Saharah; Saharah's Co-op,saharah,駱嵐,ローラン,Saharah,Yellow,Beige,黃 / 米,イエロー / ベージュ,Yellow / Beige,1.0.0,1,No,Nature - Brown,2,1,110,1,1,110,172,148
Item:Sandy-beach flooring (New Horizons),Sandy-beach flooring,沙灘地板,すなはまのゆか,True,File:Sandy-Beach Flooring NH Screenshot.jpg,沙灘地板_Sandy-beach_flooring.jpg,https://dodo.ac/np/images/3/31/Sandy-Beach_Flooring_NH_Screenshot.jpg,1280,720,240728,images/floors/沙灘地板_Sandy-beach_flooring.webp,4970,RoomTexFloorSand,0,4970,32,173,Crafting,diy,DIY製作,DIYレシピ,Crafting,Beige,Beige,米,ベージュ,Beige,1.0.0,1,No,Nature - White,2,1,110,1,1,110,173,149
Item:Ski-slope flooring (New Horizons),Ski-slope flooring,滑雪場地板,ゲレンデのゆか,True,File:Ski-Slope Flooring NH Screenshot.jpg,滑雪場地板_Ski-slope_flooring.jpg,https://dodo.ac/np/images/c/c9/Ski-Slope_Flooring_NH_Screenshot.jpg,1280,720,206690,images/floors/滑雪場地板_Ski-slope_flooring.webp,4989,RoomTexFloorGelande,0,4989,52,183,Crafting,diy,DIY製作,DIYレシピ,Crafting,White,White,白,ホワイト,White,1.0.0,1,No,Nature - White,1,1,110,1,1,110,183,150
Item:Starry-sands flooring (New Horizons),Starry-sands flooring,星星沙灘地板,ほしのすなはまのゆか,True,File:Starry-Sands Flooring NH Screenshot.jpg,星星沙灘地板_Starry-sands_flooring.jpg,https://dodo.ac/np/images/6/67/Starry-Sands_Flooring_NH_Screenshot.jpg,1280,720,170663,images/floors/星星沙灘地板_Starry-sands_flooring.webp,7239,RoomTexFloorSandStar,0,7239,180,187,Crafting,diy,DIY製作,DIYレシピ,Crafting,Beige,White,米 / 白,ベージュ / ホワイト,Beige / White,1.0.0,1,No,Nature - White,1,1,110,1,1,110,187,151
Item:Swamp flooring (New Horizons),Swamp flooring,泥沼地板,どろぬまなゆか,True,File:Swamp Flooring NH Screenshot.jpg,泥沼地板_Swamp_flooring.jpg,https://dodo.ac/np/images/0/0f/Swamp_Flooring_NH_Screenshot.jpg,1280,720,220150,images/floors/泥沼地板_Swamp_flooring.webp,5238,RoomTexFloorBog,0,5238,155,193,Saharah; Saharah's Co-op,saharah,駱嵐,ローラン,Saharah,Black,Gray,黑 / 灰,ブラック / グレー,Black / Gray,1.0.0,1,No,Nature - Brown,3,1,110,1,1,110,193,152
Item:Underwater flooring (New Horizons),Underwater flooring,海底地板,うみのそこのゆか,True,File:Underwater Flooring NH Screenshot.jpg,海底地板_Underwater_flooring.jpg,https://dodo.ac/np/images/0/07/Underwater_Flooring_NH_Screenshot.jpg,1280,720,229652,images/floors/海底地板_Underwater_flooring.webp,5268,RoomSpFloorFishTank,0,5268,166,202,Crafting,diy,DIY製作,DIYレシピ,Crafting,Blue,Aqua,藍 / 水藍,ブルー / アクア,Blue / Aqua,1.0.0,1,Yes,Special Nature Floors,8,1,110,1,1,110,202,153
Item:Water flooring (New Horizons),Water flooring,水面地板,みなものゆか,True,File:Water Flooring NH Screenshot.jpg,水面地板_Water_flooring.jpg,https://dodo.ac/np/images/c/cd/Water_Flooring_NH_Screenshot.jpg,1280,720,223902,images/floors/水面地板_Water_flooring.webp,5030,RoomSpFloorWater,0,5030,94,203,Crafting,diy,DIY製作,DIYレシピ,Crafting,Aqua,Blue,水藍 / 藍,アクア / ブルー,Aqua / Blue,1.0.0,1,Yes,Special Nature Floors,8,1,110,1,1,110,203,154
Item:Western desert (New Horizons),Western desert,曠野地板,こうやのゆか,True,File:Western Desert NH Screenshot.jpg,曠野地板_Western_desert.jpg,https://dodo.ac/np/images/b/b2/Western_Desert_NH_Screenshot.jpg,1280,720,256501,images/floors/曠野地板_Western_desert.webp,4984,RoomTexFloorWilderness,0,4984,47,204,Saharah; Saharah's Co-op,saharah,駱嵐,ローラン,Saharah,Beige,Beige,米,ベージュ,Beige,1.0.0,1,No,Nature - Brown,2,1,110,1,1,110,204,155
Item:White-chocolates flooring (New Horizons),White-chocolates flooring,白巧克力地板,ホワイトチョコアソートなゆか,True,File:White-Chocolates Flooring NH Screenshot.jpg,白巧克力地板_White-chocolates_flooring.jpg,https://dodo.ac/np/images/b/b3/White-Chocolates_Flooring_NH_Screenshot.jpg,1280,720,209708,images/floors/白巧克力地板_White-chocolates_flooring.webp,5052,RoomTexFloorChocolate,1,5050,115,210,Saharah; Saharah's Co-op,saharah,駱嵐,ローラン,Saharah,White,Beige,白 / 米,ホワイト / ベージュ,White / Beige,1.0.0,1,No,Chocolate,1,1,120,1,1,120,10,156
Item:Dark-chocolates flooring (New Horizons),Dark-chocolates flooring,黑巧克力地板,ビターチョコアソートなゆか,True,File:Dark-Chocolates Flooring NH Screenshot.jpg,黑巧克力地板_Dark-chocolates_flooring.jpg,https://dodo.ac/np/images/e/e9/Dark-Chocolates_Flooring_NH_Screenshot.jpg,1280,720,199588,images/floors/黑巧克力地板_Dark-chocolates_flooring.webp,5050,RoomTexFloorChocolate,0,5050,114,65,Saharah; Saharah's Co-op,saharah,駱嵐,ローラン,Saharah,Brown,Brown,棕,ブラウン,Brown,1.0.0,1,No,Chocolate,2,1,120,1,1,120,10,157
Item:Berry-chocolates flooring (New Horizons),Berry-chocolates flooring,草莓巧克力地板,いちごチョコアソートなゆか,True,File:Berry-Chocolates Flooring NH Screenshot.jpg,草莓巧克力地板_Berry-chocolates_flooring.jpg,https://dodo.ac/np/images/9/97/Berry-Chocolates_Flooring_NH_Screenshot.jpg,1280,720,224746,images/floors/草莓巧克力地板_Berry-chocolates_flooring.webp,5053,RoomTexFloorChocolate,2,5050,116,10,Saharah; Saharah's Co-op,saharah,駱嵐,ローラン,Saharah,Pink,Pink,粉紅,ピンク,Pink,1.0.0,1,No,Chocolate,2,1,120,1,1,120,10,158
Item:Boxing-ring mat (New Horizons),Boxing-ring mat,職業摔角地板,プロレスのゆか,True,File:Boxing-Ring Mat NH Screenshot.jpg,職業摔角地板_Boxing-ring_mat.jpg,https://dodo.ac/np/images/a/af/Boxing-Ring_Mat_NH_Screenshot.jpg,1280,720,219803,images/floors/職業摔角地板_Boxing-ring_mat.webp,4982,RoomTexFloorWrestling,0,4982,45,23,Saharah; Saharah's Co-op,saharah,駱嵐,ローラン,Saharah,Blue,Blue,藍,ブルー,Blue,1.0.0,1,No,Sports Floors,8,1,120,1,1,120,23,159
Item:Circuit-board flooring (New Horizons),Circuit-board flooring,主機板地板,きばんのゆか,True,File:Circuit-Board Flooring NH Screenshot.jpg,主機板地板_Circuit-board_flooring.jpg,https://dodo.ac/np/images/4/4f/Circuit-Board_Flooring_NH_Screenshot.jpg,1280,720,255007,images/floors/主機板地板_Circuit-board_flooring.webp,5082,RoomTexFloorGeek,0,5082,147,36,Saharah; Saharah's Co-op,saharah,駱嵐,ローラン,Saharah,Green,Green,綠,グリーン,Green,1.0.0,1,No,Machine Floors,7,1,120,1,1,120,36,160
Item:Construction-site flooring (New Horizons),Construction-site flooring,施工現場地板,こうじげんばのゆか,True,File:Construction-Site Flooring NH Screenshot.jpg,施工現場地板_Construction-site_flooring.jpg,https://dodo.ac/np/images/a/a0/Construction-Site_Flooring_NH_Screenshot.jpg,1280,720,241910,images/floors/施工現場地板_Construction-site_flooring.webp,5235,RoomTexFloorConstruction,0,5235,152,47,Saharah; Saharah's Co-op,saharah,駱嵐,ローラン,Saharah,Brown,White,棕 / 白,ブラウン / ホワイト,Brown / White,1.0.0,1,No,Sidewalk,1,1,120,1,1,120,47,161
Item:Crosswalk flooring (New Horizons),Crosswalk flooring,斑馬線地板,おうだんほどうのゆか,True,File:Crosswalk Flooring NH Screenshot.jpg,斑馬線地板_Crosswalk_flooring.jpg,https://dodo.ac/np/images/2/22/Crosswalk_Flooring_NH_Screenshot.jpg,1280,720,247827,images/floors/斑馬線地板_Crosswalk_flooring.webp,5007,RoomTexFloorSidewalk,0,5007,69,52,Saharah; Saharah's Co-op,saharah,駱嵐,ローラン,Saharah,Beige,Black,米 / 黑,ベージュ / ブラック,Beige / Black,1.0.0,1,No,Sidewalk,2,1,120,1,1,120,52,162
Item:Sidewalk flooring (New Horizons),Sidewalk flooring,人行道地板,ほどうのゆか,True,File:Sidewalk Flooring NH Screenshot.jpg,人行道地板_Sidewalk_flooring.jpg,https://dodo.ac/np/images/2/21/Sidewalk_Flooring_NH_Screenshot.jpg,1280,720,238684,images/floors/人行道地板_Sidewalk_flooring.webp,5008,RoomTexFloorSidewalk,1,5007,70,178,Saharah; Saharah's Co-op,saharah,駱嵐,ローラン,Saharah,Gray,Brown,灰 / 棕,グレー / ブラウン,Gray / Brown,1.0.0,1,No,Sidewalk,2,1,120,1,1,120,52,163
Item:Floral rush-mat flooring (New Horizons),Floral rush-mat flooring,花紋草蓆,はなござ,True,File:Floral Rush-Mat Flooring NH Screenshot.jpg,花紋草蓆_Floral_rush-mat_flooring.jpg,https://dodo.ac/np/images/a/ac/Floral_Rush-Mat_Flooring_NH_Screenshot.jpg,1280,720,297865,images/floors/花紋草蓆_Floral_rush-mat_flooring.webp,4977,RoomTexFloorRush,0,4977,40,72,Saharah; Saharah's Co-op,saharah,駱嵐,ローラン,Saharah,White,White,白,ホワイト,White,1.0.0,1,No,Japanese,1,1,120,1,1,120,72,164
Item:Future-tech flooring (New Horizons),Future-tech flooring,超科技地板,オーバーテクノロジーなゆか,True,File:Future-Tech Flooring NH Screenshot.jpg,超科技地板_Future-tech_flooring.jpg,https://dodo.ac/np/images/0/04/Future-Tech_Flooring_NH_Screenshot.jpg,1280,720,200076,images/floors/超科技地板_Future-tech_flooring.webp,5250,RoomSpFloorTechnology,0,5250,162,75,Saharah; Saharah's Co-op,saharah,駱嵐,ローラン,Saharah,Black,Black,黑,ブラック,Black,1.0.0,1,Yes,Special Inorganic Floors,4,1,120,1,1,120,75,165
Item:Gravel flooring (New Horizons),Gravel flooring,碎石地板,たまじゃりのゆか,True,File:Gravel Flooring NH Screenshot.jpg,碎石地板_Gravel_flooring.jpg,https://dodo.ac/np/images/b/bf/Gravel_Flooring_NH_Screenshot.jpg,1280,720,287600,images/floors/碎石地板_Gravel_flooring.webp,4978,RoomTexFloorGravel,0,4978,41,82,Saharah; Saharah's Co-op,saharah,駱嵐,ローラン,Saharah,Gray,Gray,灰,グレー,Gray,1.0.0,1,No,Stone Floors,3,1,120,1,1,120,82,166
Item:Highway flooring (New Horizons),Highway flooring,高速公路地板,ハイウェイのゆか,True,File:Highway Flooring NH Screenshot.jpg,高速公路地板_Highway_flooring.jpg,https://dodo.ac/np/images/c/c7/Highway_Flooring_NH_Screenshot.jpg,1280,720,260280,images/floors/高速公路地板_Highway_flooring.webp,5237,RoomTexFloorHighway,0,5237,154,95,Saharah; Saharah's Co-op,saharah,駱嵐,ローラン,Saharah,Gray,Beige,灰 / 米,グレー / ベージュ,Gray / Beige,1.0.0,1,No,Sidewalk,2,1,120,1,1,120,95,167
Item:Imperial tile (New Horizons),Imperial tile,王朝地板,おうちょうなゆか,True,File:Imperial Tile NH Screenshot.jpg,王朝地板_Imperial_tile.jpg,https://dodo.ac/np/images/8/81/Imperial_Tile_NH_Screenshot.jpg,1280,720,174652,images/floors/王朝地板_Imperial_tile.webp,5012,RoomTexFloorDynasty,0,5012,74,100,Saharah; Saharah's Co-op,saharah,駱嵐,ローラン,Saharah,White,Gray,白 / 灰,ホワイト / グレー,White / Gray,1.0.0,1,No,Luxury,1,1,120,1,1,120,100,168
Item:Lava flooring (New Horizons),Lava flooring,熔岩地板,ようがんのゆか,True,File:Lava Flooring NH Screenshot.jpg,熔岩地板_Lava_flooring.jpg,https://dodo.ac/np/images/1/1d/Lava_Flooring_NH_Screenshot.jpg,1280,720,238617,images/floors/熔岩地板_Lava_flooring.webp,5274,RoomSpFloorVolcano,0,5274,170,107,Saharah; Saharah's Co-op,saharah,駱嵐,ローラン,Saharah,Black,Orange,黑 / 橘,ブラック / オレンジ,Black / Orange,1.0.0,1,Yes,Special Inorganic Floors,4,1,120,1,1,120,107,169
Item:Lobby flooring (New Horizons),Lobby flooring,大廳地板,ロビーのゆか,True,File:Lobby Flooring NH Screenshot.jpg,大廳地板_Lobby_flooring.jpg,https://dodo.ac/np/images/7/73/Lobby_Flooring_NH_Screenshot.jpg,1280,720,242418,images/floors/大廳地板_Lobby_flooring.webp,5034,RoomTexFloorLobby,0,5034,99,112,Saharah; Saharah's Co-op,saharah,駱嵐,ローラン,Saharah,Purple,Black,紫 / 黑,パープル / ブラック,Purple / Black,1.0.0,1,No,Cloth Floors,4,1,120,1,1,120,112,170
Item:Oasis flooring (New Horizons),Oasis flooring,綠洲地板,オアシスなゆか,True,File:Oasis Flooring NH Screenshot.jpg,綠洲地板_Oasis_flooring.jpg,https://dodo.ac/np/images/a/a2/Oasis_Flooring_NH_Screenshot.jpg,1280,720,257431,images/floors/綠洲地板_Oasis_flooring.webp,5255,RoomSpFloorOasis,0,5255,164,129,Saharah; Saharah's Co-op,saharah,駱嵐,ローラン,Saharah,Beige,Aqua,米 / 水藍,ベージュ / アクア,Beige / Aqua,1.0.0,1,Yes,Special Inorganic Floors,7,1,120,1,1,120,129,171
Item:Paintball flooring (New Horizons),Paintball flooring,畫室地板,アトリエのゆか,True,File:Paintball Flooring NH Screenshot.jpg,畫室地板_Paintball_flooring.jpg,https://dodo.ac/np/images/b/bd/Paintball_Flooring_NH_Screenshot.jpg,1280,720,284411,images/floors/畫室地板_Paintball_flooring.webp,4988,RoomTexFloorAtelier,0,4988,51,136,Saharah; Saharah's Co-op,saharah,駱嵐,ローラン,Saharah,White,Colorful,白 / 彩色,ホワイト / カラフル,White / Colorful,1.0.0,1,No,Stone Floors,1,1,120,1,1,120,136,172
Item:Palace tile (New Horizons),Palace tile,宮殿地板,きゅうでんのゆか,True,File:Palace Tile NH Screenshot.jpg,宮殿地板_Palace_tile.jpg,https://dodo.ac/np/images/1/10/Palace_Tile_NH_Screenshot.jpg,1280,720,240003,images/floors/宮殿地板_Palace_tile.webp,5051,RoomTexFloorPalace,0,5051,117,137,Saharah; Saharah's Co-op,saharah,駱嵐,ローラン,Saharah,White,White,白,ホワイト,White,1.0.0,1,No,Luxury,1,1,120,1,1,120,137,173
Item:Parking flooring (New Horizons),Parking flooring,停車場地板,パーキングのゆか,True,File:Parking Flooring NH Screenshot.jpg,停車場地板_Parking_flooring.jpg,https://dodo.ac/np/images/4/49/Parking_Flooring_NH_Screenshot.jpg,1280,720,238774,images/floors/停車場地板_Parking_flooring.webp,4997,RoomTexFloorParking,0,4997,60,139,Saharah; Saharah's Co-op,saharah,駱嵐,ローラン,Saharah,Black,Gray,黑 / 灰,ブラック / グレー,Black / Gray,1.0.0,1,No,Sidewalk,3,1,120,1,1,120,139,174
Item:Pyramid tile (New Horizons),Pyramid tile,金字塔地板,ピラミッドのゆか,True,File:Pyramid Tile NH Screenshot.jpg,金字塔地板_Pyramid_tile.jpg,https://dodo.ac/np/images/0/07/Pyramid_Tile_NH_Screenshot.jpg,1280,720,264041,images/floors/金字塔地板_Pyramid_tile.webp,5054,RoomTexFloorEgypt,0,5054,118,152,Saharah; Saharah's Co-op,saharah,駱嵐,ローラン,Saharah,Beige,Beige,米,ベージュ,Beige,1.0.0,1,No,Luxury,2,1,120,1,1,120,152,175
Item:Racetrack flooring (New Horizons),Racetrack flooring,賽車賽道地板,レーストラックのゆか,True,File:Racetrack Flooring NH Screenshot.jpg,賽車賽道地板_Racetrack_flooring.jpg,https://dodo.ac/np/images/8/8c/Racetrack_Flooring_NH_Screenshot.jpg,1280,720,255219,images/floors/賽車賽道地板_Racetrack_flooring.webp,4996,RoomTexFloorAthletics,0,4996,59,153,Saharah; Saharah's Co-op,saharah,駱嵐,ローラン,Saharah,Green,Green,綠,グリーン,Green,1.0.0,1,No,Sports Floors,7,1,120,1,1,120,153,176
Item:Ramshackle flooring (New Horizons),Ramshackle flooring,廢墟地板,はいきょのゆか,True,File:Ramshackle Flooring NH Screenshot.jpg,廢墟地板_Ramshackle_flooring.jpg,https://dodo.ac/np/images/e/e1/Ramshackle_Flooring_NH_Screenshot.jpg,1280,720,250119,images/floors/廢墟地板_Ramshackle_flooring.webp,5240,RoomTexFloorRuins,0,5240,157,154,Saharah; Saharah's Co-op,saharah,駱嵐,ローラン,Saharah,Beige,Beige,米,ベージュ,Beige,1.0.0,1,No,Decadence,2,1,120,1,1,120,154,177
Item:Sci-fi flooring (New Horizons),Sci-fi flooring,太空船地板,うちゅうせんのゆか,True,File:Sci-Fi Flooring NH Screenshot.jpg,太空船地板_Sci-fi_flooring.jpg,https://dodo.ac/np/images/a/a9/Sci-Fi_Flooring_NH_Screenshot.jpg,1280,720,182781,images/floors/太空船地板_Sci-fi_flooring.webp,5270,RoomSpFloorSF,0,5270,168,174,Crafting,diy,DIY製作,DIYレシピ,Crafting,Black,Black,黑,ブラック,Black,1.0.0,1,Yes,Special Inorganic Floors,4,1,120,1,1,120,174,178
Item:Scramble crosswalk (New Horizons),Scramble crosswalk,全向十字路口,スクランブルこうさてん,True,File:Scramble Crosswalk NH Screenshot.jpg,全向十字路口_Scramble_crosswalk.jpg,https://dodo.ac/np/images/6/6f/Scramble_Crosswalk_NH_Screenshot.jpg,1280,720,249644,images/floors/全向十字路口_Scramble_crosswalk.webp,5010,RoomTexFloorScramble,0,5010,72,175,Saharah; Saharah's Co-op,saharah,駱嵐,ローラン,Saharah,Gray,Gray,灰,グレー,Gray,1.0.0,1,No,Sidewalk,3,1,120,1,1,120,175,179
Item:Sumo ring (New Horizons),Sumo ring,相撲擂臺,どひょう,True,File:Sumo Ring NH Screenshot.jpg,相撲擂臺_Sumo_ring.jpg,https://dodo.ac/np/images/e/e0/Sumo_Ring_NH_Screenshot.jpg,1280,720,228966,images/floors/相撲擂臺_Sumo_ring.webp,5013,RoomTexFloorArena,0,5013,75,192,Saharah; Saharah's Co-op,saharah,駱嵐,ローラン,Saharah,Beige,Beige,米,ベージュ,Beige,1.0.0,1,No,Sports Floors,2,1,120,1,1,120,192,180
Item:Train-station flooring (New Horizons),Train-station flooring,車站月臺地板,えきのホームなゆか,True,File:Train-Station Flooring NH Screenshot.jpg,車站月臺地板_Train-station_flooring.jpg,https://dodo.ac/np/images/4/4e/Train-Station_Flooring_NH_Screenshot.jpg,1280,720,283242,images/floors/車站月臺地板_Train-station_flooring.webp,5009,RoomTexFloorPlatform,0,5009,71,199,Saharah; Saharah's Co-op,saharah,駱嵐,ローラン,Saharah,Beige,Brown,米 / 棕,ベージュ / ブラウン,Beige / Brown,1.0.0,1,No,Sidewalk,2,1,120,1,1,120,199,181
Item:Block flooring (New Horizons),Block flooring,超級瑪利歐地板,スーパーマリオのゆか,True,File:Block Flooring NH Screenshot.jpg,超級瑪利歐地板_Block_flooring.jpg,https://dodo.ac/np/images/0/0f/Block_Flooring_NH_Screenshot.jpg,1280,720,394499,images/floors/超級瑪利歐地板_Block_flooring.webp,13804,RoomTexFloorMario,0,13804,210,14,Nook Shopping Promotion,promo,聯名合作,コラボ商品,Promotion / Collab,Brown,Brown,棕,ブラウン,Brown,1.8.0,1,No,Mario Floors,2,1,130,1,1,130,14,182
Item:Cinnamoroll flooring (New Horizons),Cinnamoroll flooring,Cinnamoroll地板,シナモロールなゆか,True,File:Cinnamoroll Flooring NH Screenshot.jpg,Cinnamoroll地板_Cinnamoroll_flooring.jpg,https://dodo.ac/np/images/e/ec/Cinnamoroll_Flooring_NH_Screenshot.jpg,1280,720,221382,images/floors/Cinnamoroll地板_Cinnamoroll_flooring.webp,10182,RoomTexFloorCinnamon,0,10182,185,35,Nook Shopping Promotion,promo,聯名合作,コラボ商品,Promotion / Collab,Colorful,Colorful,彩色,カラフル,Colorful,1.9.0,1,No,Sanrio Floors,10,1,130,1,1,130,35,183
Item:Hello Kitty flooring (New Horizons),Hello Kitty flooring,Hello Kitty地板,ハローキティなゆか,True,File:Hello Kitty Flooring NH Screenshot.jpg,Hello_Kitty地板_Hello_Kitty_flooring.jpg,https://dodo.ac/np/images/d/d4/Hello_Kitty_Flooring_NH_Screenshot.jpg,1280,720,197960,images/floors/Hello_Kitty地板_Hello_Kitty_flooring.webp,10183,RoomTexFloorKitty,0,10183,186,93,Nook Shopping Promotion,promo,聯名合作,コラボ商品,Promotion / Collab,Blue,Aqua,藍 / 水藍,ブルー / アクア,Blue / Aqua,1.9.0,1,No,Sanrio Floors,8,1,130,1,1,130,93,184
Item:Kerokerokeroppi flooring (New Horizons),Kerokerokeroppi flooring,Kerokerokeroppi地板,けろけろけろっぴなゆか,True,File:Kerokerokeroppi Flooring NH Screenshot.jpg,Kerokerokeroppi地板_Kerokerokeroppi_flooring.jpg,https://dodo.ac/np/images/2/2c/Kerokerokeroppi_Flooring_NH_Screenshot.jpg,1280,720,216155,images/floors/Kerokerokeroppi地板_Kerokerokeroppi_flooring.webp,10178,RoomTexFloorKeroppi,0,10178,181,103,Nook Shopping Promotion,promo,聯名合作,コラボ商品,Promotion / Collab,White,Gray,白 / 灰,ホワイト / グレー,White / Gray,1.9.0,1,No,Sanrio Floors,1,1,130,1,1,130,103,185
Item:Kiki & Lala flooring (New Horizons),Kiki & Lala flooring,Kiki & Lala地板,キキ&ララなゆか,True,File:Kiki & Lala Flooring NH Screenshot.jpg,Kiki_&_Lala地板_Kiki_&_Lala_flooring.jpg,https://dodo.ac/np/images/d/dd/Kiki_%26_Lala_Flooring_NH_Screenshot.jpg,1280,720,207180,images/floors/Kiki_&_Lala地板_Kiki_&_Lala_flooring.webp,10179,RoomTexFloorKikilala,0,10179,182,104,Nook Shopping Promotion,promo,聯名合作,コラボ商品,Promotion / Collab,Aqua,Colorful,水藍 / 彩色,アクア / カラフル,Aqua / Colorful,1.9.0,1,No,Sanrio Floors,8,1,130,1,1,130,104,186
Item:My Melody flooring (New Horizons),My Melody flooring,My Melody地板,マイメロディなゆか,True,File:My Melody Flooring NH Screenshot.jpg,My_Melody地板_My_Melody_flooring.jpg,https://dodo.ac/np/images/0/0c/My_Melody_Flooring_NH_Screenshot.jpg,1280,720,202167,images/floors/My_Melody地板_My_Melody_flooring.webp,10180,RoomTexFloorMymelody,0,10180,183,125,Nook Shopping Promotion,promo,聯名合作,コラボ商品,Promotion / Collab,Pink,White,粉紅 / 白,ピンク / ホワイト,Pink / White,1.9.0,1,No,Sanrio Floors,1,1,130,1,1,130,125,187
Item:Pompompurin flooring (New Horizons),Pompompurin flooring,Pompompurin地板,ポムポムプリンなゆか,True,File:Pompompurin Flooring NH Screenshot.jpg,Pompompurin地板_Pompompurin_flooring.jpg,https://dodo.ac/np/images/f/f3/Pompompurin_Flooring_NH_Screenshot.jpg,1280,720,179488,images/floors/Pompompurin地板_Pompompurin_flooring.webp,10181,RoomTexFloorPurin,0,10181,184,147,Nook Shopping Promotion,promo,聯名合作,コラボ商品,Promotion / Collab,Yellow,Brown,黃 / 棕,イエロー / ブラウン,Yellow / Brown,1.9.0,1,No,Sanrio Floors,2,1,130,1,1,130,147,188
Item:Broken stone-path flooring (New Horizons),Broken stone-path flooring,腐朽石板地板,くちたいしだたみのゆか,False,File:Broken_Stone-Path_Flooring_NH_Icon.png,腐朽石板地板_Broken_stone-path_flooring.png,https://dodo.ac/np/images/6/69/Broken_Stone-Path_Flooring_NH_Icon.png,128,128,17954,images/floors/腐朽石板地板_Broken_stone-path_flooring.webp,13127,RoomTexFloorCemetery,0,13127,203,24,Saharah's Co-op,saharah,駱嵐,ローラン,Saharah,Gray,Black,灰 / 黑,グレー / ブラック,Gray / Black,2.0.0,2,No,Special Nature Floors,3,1,110,1,2,110,24,189
Item:Glowing-moss flooring (New Horizons),Glowing-moss flooring,光蘚森林地板,ヒカリゴケのもりのゆか,False,File:Glowing-Moss_Flooring_NH_Icon.png,光蘚森林地板_Glowing-moss_flooring.png,https://dodo.ac/np/images/5/50/Glowing-Moss_Flooring_NH_Icon.png,128,128,18100,images/floors/光蘚森林地板_Glowing-moss_flooring.webp,13879,RoomSpFloorGlowMoss,0,13879,211,79,Crafting,diy,DIY製作,DIYレシピ,Crafting,Green,Green,綠,グリーン,Green,2.0.0,2,Yes,Nature - Green,7,1,110,1,2,110,79,190
Item:Hopscotch flooring (New Horizons),Hopscotch flooring,跳格子地板,けんけんぱのゆか,False,File:Hopscotch_Flooring_NH_Icon.png,跳格子地板_Hopscotch_flooring.png,https://dodo.ac/np/images/9/98/Hopscotch_Flooring_NH_Icon.png,128,128,13248,images/floors/跳格子地板_Hopscotch_flooring.webp,12853,RoomTexFloorSchoolyard,0,12853,198,97,Saharah's Co-op,saharah,駱嵐,ローラン,Saharah,Black,Black,黑,ブラック,Black,2.0.0,2,No,Nature - Brown,4,1,110,1,2,110,97,191
Item:Rope-net flooring (New Horizons),Rope-net flooring,繩網地板,ロープネットのゆか,False,File:Rope-Net_Flooring_NH_Icon.png,繩網地板_Rope-net_flooring.png,https://dodo.ac/np/images/4/45/Rope-Net_Flooring_NH_Icon.png,128,128,20274,images/floors/繩網地板_Rope-net_flooring.webp,13880,RoomSpFloorRopenet,0,13880,212,164,Crafting,diy,DIY製作,DIYレシピ,Crafting,Beige,Green,米 / 綠,ベージュ / グリーン,Beige / Green,2.0.0,2,Yes,Special Nature Floors,2,1,110,1,2,110,164,192
Item:Circus flooring (New Horizons),Circus flooring,馬戲團地板,サーカスのゆか,False,File:Circus_Flooring_NH_Icon.png,馬戲團地板_Circus_flooring.png,https://dodo.ac/np/images/c/c7/Circus_Flooring_NH_Icon.png,128,128,17083,images/floors/馬戲團地板_Circus_flooring.webp,12727,RoomTexFloorSummer,0,12727,194,37,Saharah's Co-op,saharah,駱嵐,ローラン,Saharah,Colorful,Yellow,彩色 / 黃,カラフル / イエロー,Colorful / Yellow,2.0.0,2,No,Cloth Floors,5,1,120,1,2,120,37,193
Item:Club flooring (New Horizons),Club flooring,俱樂部地板,クラブのゆか,False,File:Club_Flooring_NH_Icon.png,俱樂部地板_Club_flooring.png,https://dodo.ac/np/images/3/3d/Club_Flooring_NH_Icon.png,128,128,16317,images/floors/俱樂部地板_Club_flooring.webp,13193,RoomSpFloorClub,0,13193,204,39,Saharah's Co-op,saharah,駱嵐,ローラン,Saharah,Black,Black,黑,ブラック,Black,2.0.0,2,Yes,Special Inorganic Floors,4,1,120,1,2,120,39,194
Item:Fast-food flooring (New Horizons),Fast-food flooring,快餐地板,ファストフードなゆか,False,File:Fast-Food_Flooring_NH_Icon.png,快餐地板_Fast-food_flooring.png,https://dodo.ac/np/images/b/b7/Fast-Food_Flooring_NH_Icon.png,128,128,20876,images/floors/快餐地板_Fast-food_flooring.webp,12917,RoomTexFloorTheater,0,12917,201,68,Saharah's Co-op,saharah,駱嵐,ローラン,Saharah,Colorful,Colorful,彩色,カラフル,Colorful,2.0.0,2,No,Cloth Floors,10,1,120,1,2,120,68,195
Item:Gym flooring (New Horizons),Gym flooring,體育館地板,たいいくかんのゆか,False,File:Gym_Flooring_NH_Icon.png,體育館地板_Gym_flooring.png,https://dodo.ac/np/images/5/5f/Gym_Flooring_NH_Icon.png,128,128,12692,images/floors/體育館地板_Gym_flooring.webp,12854,RoomTexFloorSchoolgym,0,12854,199,92,Saharah's Co-op,saharah,駱嵐,ローラン,Saharah,Beige,Beige,米,ベージュ,Beige,2.0.0,2,No,Wood Floors,2,1,120,1,2,120,92,196
Item:Magic-circle flooring (New Horizons),Magic-circle flooring,魔法陣地板,まほうじんのゆか,False,File:Magic-Circle_Flooring_NH_Icon.png,魔法陣地板_Magic-circle_flooring.png,https://dodo.ac/np/images/2/25/Magic-Circle_Flooring_NH_Icon.png,128,128,16909,images/floors/魔法陣地板_Magic-circle_flooring.webp,5249,RoomSpFloorMagic,0,5249,161,114,Saharah's Co-op,saharah,駱嵐,ローラン,Saharah,Brown,Brown,棕,ブラウン,Brown,2.0.0,2,Yes,Special Inorganic Floors,2,1,120,1,2,120,114,197
Item:Moroccan art-tile flooring (New Horizons),Moroccan art-tile flooring,摩洛哥藝術磚地板,モロッカンなアートタイルのゆか,False,File:Moroccan_Art-Tile_Flooring_NH_Icon.png,摩洛哥藝術磚地板_Moroccan_art-tile_flooring.png,https://dodo.ac/np/images/a/ad/Moroccan_Art-Tile_Flooring_NH_Icon.png,128,128,19418,images/floors/摩洛哥藝術磚地板_Moroccan_art-tile_flooring.webp,13604,RoomTexFloorMoroccanSquareTile,0,13604,209,123,Saharah's Co-op,saharah,駱嵐,ローラン,Saharah,White,Purple,白 / 紫,ホワイト / パープル,White / Purple,2.0.0,2,No,Morocco,1,1,120,1,2,120,123,198
Item:Natural flooring (New Horizons),Natural flooring,自然風地板,ナチュラルなフローリング,False,File:Natural_Flooring_NH_Icon.png,自然風地板_Natural_flooring.png,https://dodo.ac/np/images/4/40/Natural_Flooring_NH_Icon.png,128,128,9162,images/floors/自然風地板_Natural_flooring.webp,12852,RoomTexFloorClassroom,0,12852,197,126,Saharah's Co-op,saharah,駱嵐,ローラン,Saharah,Brown,Brown,棕,ブラウン,Brown,2.0.0,2,No,Wood Floors,2,1,120,1,2,120,126,199
Item:Old board flooring (New Horizons),Old board flooring,舊木板地板,ふるいいたまのゆか,False,File:Old_Board_Flooring_NH_Icon.png,舊木板地板_Old_board_flooring.png,https://dodo.ac/np/images/a/a6/Old_Board_Flooring_NH_Icon.png,128,128,12083,images/floors/舊木板地板_Old_board_flooring.webp,13484,RoomTexFloorOldBoard,0,13484,207,130,Saharah's Co-op,saharah,駱嵐,ローラン,Saharah,Brown,Brown,棕,ブラウン,Brown,2.0.0,2,No,Wood Floors,2,1,120,1,2,120,130,200
Item:Old stone-tile flooring (New Horizons),Old stone-tile flooring,舊式石磚地板,ふるびたストーンタイルのゆか,False,File:Old_Stone-Tile_Flooring_NH_Icon.png,舊式石磚地板_Old_stone-tile_flooring.png,https://dodo.ac/np/images/a/a3/Old_Stone-Tile_Flooring_NH_Icon.png,128,128,14588,images/floors/舊式石磚地板_Old_stone-tile_flooring.webp,12730,RoomTexFloorLabo,0,12730,196,131,Saharah's Co-op,saharah,駱嵐,ローラン,Saharah,Gray,Gray,灰,グレー,Gray,2.0.0,2,No,Tile Floors,3,1,120,1,2,120,131,201
Item:Operating-room flooring (New Horizons),Operating-room flooring,手術室地板,しゅじゅつしつのゆか,False,File:Operating-Room_Flooring_NH_Icon.png,手術室地板_Operating-room_flooring.png,https://dodo.ac/np/images/8/8a/Operating-Room_Flooring_NH_Icon.png,128,128,9724,images/floors/手術室地板_Operating-room_flooring.webp,12729,RoomTexFloorOperatingRoom,0,12729,195,133,Saharah's Co-op,saharah,駱嵐,ローラン,Saharah,White,Gray,白 / 灰,ホワイト / グレー,White / Gray,2.0.0,2,No,Iron,1,1,120,1,2,120,133,202
Item:Patient-ward flooring (New Horizons),Patient-ward flooring,病房地板,びょうしつのゆか,False,File:Patient-Ward_Flooring_NH_Icon.png,病房地板_Patient-ward_flooring.png,https://dodo.ac/np/images/9/96/Patient-Ward_Flooring_NH_Icon.png,128,128,8885,images/floors/病房地板_Patient-ward_flooring.webp,12726,RoomTexFloorHospitalRoom,0,12726,193,143,Saharah's Co-op,saharah,駱嵐,ローラン,Saharah,Aqua,Aqua,水藍,アクア,Aqua,2.0.0,2,No,Tile Floors,8,1,120,1,2,120,143,203
Item:Restaurant-kitchen flooring (New Horizons),Restaurant-kitchen flooring,廚房地板,ちゅうぼうのゆか,False,File:Restaurant-Kitchen_Flooring_NH_Icon.png,廚房地板_Restaurant-kitchen_flooring.png,https://dodo.ac/np/images/9/92/Restaurant-Kitchen_Flooring_NH_Icon.png,128,128,8939,images/floors/廚房地板_Restaurant-kitchen_flooring.webp,12915,RoomTexFloorCookery,0,12915,200,160,Saharah's Co-op,saharah,駱嵐,ローラン,Saharah,White,Gray,白 / 灰,ホワイト / グレー,White / Gray,2.0.0,2,No,Iron,1,1,120,1,2,120,160,204
Item:Robo-flooring (New Horizons),Robo-flooring,機器人地板,ロボのゆか,False,File:Robo-Flooring_NH_Icon.png,機器人地板_Robo-flooring.png,https://dodo.ac/np/images/2/24/Robo-Flooring_NH_Icon.png,128,128,13478,images/floors/機器人地板_Robo-flooring.webp,5072,RoomTexFloorRobo,0,5072,137,161,Saharah's Co-op,saharah,駱嵐,ローラン,Saharah,White,White,白,ホワイト,White,2.0.0,2,No,Machine Floors,1,1,120,1,2,120,161,205
Item:Room Sketch flooring (New Horizons),Room Sketch flooring,房間草圖地板,ルームスケッチのゆか,False,File:Room_Sketch_Flooring_NH_Icon.png,房間草圖地板_Room_Sketch_flooring.png,https://dodo.ac/np/images/3/3d/Room_Sketch_Flooring_NH_Icon.png,128,128,7857,images/floors/房間草圖地板_Room_Sketch_flooring.webp,14897,RoomSpFloorSketch,0,14897,214,163,Wardell,npc,活動/NPC,イベント/住民,Event / Special NPC,White,White,白,ホワイト,White,2.0.0,2,Yes,Special Inorganic Floors,1,1,120,1,2,120,163,206
Item:Steampunk flooring (New Horizons),Steampunk flooring,蒸汽龐克地板,スチームパンクのゆか,False,File:Steampunk_Flooring_NH_Icon.png,蒸汽龐克地板_Steampunk_flooring.png,https://dodo.ac/np/images/e/ed/Steampunk_Flooring_NH_Icon.png,128,128,15716,images/floors/蒸汽龐克地板_Steampunk_flooring.webp,5055,RoomTexFloorSteampunk,0,5055,119,188,Saharah's Co-op,saharah,駱嵐,ローラン,Saharah,Black,Black,黑,ブラック,Black,2.0.0,2,No,Machine Floors,4,1,120,1,2,120,188,207
Item:Tent flooring (New Horizons),Tent flooring,帳篷地板,テントのゆか,False,File:Tent_Flooring_NH_Icon.png,帳篷地板_Tent_flooring.png,https://dodo.ac/np/images/5/5a/Tent_Flooring_NH_Icon.png,128,128,11546,images/floors/帳篷地板_Tent_flooring.webp,13485,RoomTexFloorGlamping,0,13485,208,196,Saharah's Co-op,saharah,駱嵐,ローラン,Saharah,Beige,Beige,米,ベージュ,Beige,2.0.0,2,No,Simple Carpet,2,1,120,1,2,120,196,208
Item:Chic LEGO® flooring (New Horizons),Chic LEGO® flooring,LEGO®地板・典雅,LEGO®のゆか・シック,False,File:Chic_LEGO®_Flooring_NH_Icon.png,LEGO®地板・典雅_Chic_LEGO®_flooring.png,https://dodo.ac/np/images/5/54/Chic_LEGO%C2%AE_Flooring_NH_Icon.png,128,128,9095,images/floors/LEGO®地板・典雅_Chic_LEGO®_flooring.webp,1296,RoomTexFloorLego,3,1281,5,34,Nook Shopping Promotion,promo,聯名合作,コラボ商品,Promotion / Collab,Black,Black,黑,ブラック,Black,3.0.0,3,No,LEGO Floors,4,1,130,1,3,130,34,209
Item:Modern LEGO® flooring (New Horizons),Modern LEGO® flooring,LEGO®地板・摩登,LEGO®のゆか・モダン,False,File:Modern_LEGO®_Flooring_NH_Icon.png,LEGO®地板・摩登_Modern_LEGO®_flooring.png,https://dodo.ac/np/images/1/10/Modern_LEGO%C2%AE_Flooring_NH_Icon.png,128,128,10680,images/floors/LEGO®地板・摩登_Modern_LEGO®_flooring.webp,1294,RoomTexFloorLego,1,1281,3,118,Nook Shopping Promotion,promo,聯名合作,コラボ商品,Promotion / Collab,Blue,Blue,藍,ブルー,Blue,3.0.0,3,No,LEGO Floors,8,1,130,1,3,130,34,210
Item:Cute LEGO® flooring (New Horizons),Cute LEGO® flooring,LEGO®地板・可愛,LEGO®のゆか・キュート,False,File:Cute_LEGO®_Flooring_NH_Icon.png,LEGO®地板・可愛_Cute_LEGO®_flooring.png,https://dodo.ac/np/images/3/32/Cute_LEGO%C2%AE_Flooring_NH_Icon.png,128,128,8105,images/floors/LEGO®地板・可愛_Cute_LEGO®_flooring.webp,1295,RoomTexFloorLego,2,1281,4,55,Nook Shopping Promotion,promo,聯名合作,コラボ商品,Promotion / Collab,Aqua,Aqua,水藍,アクア,Aqua,3.0.0,3,No,LEGO Floors,8,1,130,1,3,130,34,211
Item:Colorful LEGO® flooring (New Horizons),Colorful LEGO® flooring,LEGO®地板・彩色,LEGO®のゆか・カラフル,False,File:Colorful_LEGO®_Flooring_NH_Icon.png,LEGO®地板・彩色_Colorful_LEGO®_flooring.png,https://dodo.ac/np/images/2/2a/Colorful_LEGO%C2%AE_Flooring_NH_Icon.png,128,128,11764,images/floors/LEGO®地板・彩色_Colorful_LEGO®_flooring.webp,1281,RoomTexFloorLego,0,1281,2,41,Nook Shopping Promotion,promo,聯名合作,コラボ商品,Promotion / Collab,Green,Green,綠,グリーン,Green,3.0.0,3,No,LEGO Floors,10,1,130,1,3,130,34,212
Item:Korok Forest flooring (New Horizons),Korok Forest flooring,克洛格森林地板,コログのもりのゆか,False,File:Korok_Forest_Flooring_NH_Icon.png,克洛格森林地板_Korok_Forest_flooring.png,https://dodo.ac/np/images/8/83/Korok_Forest_Flooring_NH_Icon.png,128,128,18761,images/floors/克洛格森林地板_Korok_Forest_flooring.webp,1067,RoomSpFloorZeldaForest,0,1067,0,106,Nook Shopping Promotion,promo,聯名合作,コラボ商品,Promotion / Collab,Green,Green,綠,グリーン,Green,3.0.0,3,Yes,Zelda Floors,7,1,130,1,3,130,106,213
Item:Tricolor Turf War flooring (New Horizons),Tricolor Turf War flooring,三色奪寶對戰地板,トリカラバトルのゆか,False,File:Tricolor_Turf_War_Flooring_NH_Icon.png,三色奪寶對戰地板_Tricolor_Turf_War_flooring.png,https://dodo.ac/np/images/6/6c/Tricolor_Turf_War_Flooring_NH_Icon.png,128,128,16239,images/floors/三色奪寶對戰地板_Tricolor_Turf_War_flooring.webp,1148,RoomSpFloorSplatoon,0,1148,1,200,Nook Shopping Promotion,promo,聯名合作,コラボ商品,Promotion / Collab,Colorful,Colorful,彩色,カラフル,Colorful,3.0.0,3,Yes,Splatoon Floors,10,1,130,1,3,130,200,214
