title,name_en,name_zh,name_ja,has_in_game_screenshot,target_media_file,local_filename,image_url,width,height,filesize,local_rel_path,grid_size,size_category,size_label,internal_id,filename_base,variant_id,series_id,game_sort_order,nookipedia_id,source,source_group,source_zh,source_ja,source_en,color_1,color_2,colors_zh,colors_ja,colors_en,version_added,version_rank,vfx,tag,color_rank,is_special,style_cluster,series_is_special,series_version_rank,series_style_cluster,series_anchor_id,default_sort_order
Item:Black-design kitchen mat (New Horizons),Black-design kitchen mat,黑色圖案廚房地墊,くろいパターンキッチンマット,False,File:Black-Design_Kitchen_Mat_NH_Icon.png,黑色圖案廚房地墊_Black-design_kitchen_mat.png,https://dodo.ac/np/images/4/41/Black-Design_Kitchen_Mat_NH_Icon.png,128,128,9133,images/rugs/黑色圖案廚房地墊_Black-design_kitchen_mat.webp,2.0 × 1.0,S,小型 (S),7594,RugRectNativeKitchenS,3,7340,53,7,Saharah; Saharah's Co-op,saharah,駱嵐,ローラン,Saharah,Black,Orange,黑 / 橘,ブラック / オレンジ,Black / Orange,1.0.0,1,No,Kitchen Rugs,4,0,10,0,1,10,7,0
Item:Yellow-design kitchen mat (New Horizons),Yellow-design kitchen mat,黃色圖案廚房地墊,きいろパターンキッチンマット,False,File:Yellow-Design_Kitchen_Mat_NH_Icon.png,黃色圖案廚房地墊_Yellow-design_kitchen_mat.png,https://dodo.ac/np/images/c/c7/Yellow-Design_Kitchen_Mat_NH_Icon.png,128,128,8988,images/rugs/黃色圖案廚房地墊_Yellow-design_kitchen_mat.webp,2.0 × 1.0,S,小型 (S),7596,RugRectNativeKitchenS,2,7340,52,209,Saharah; Saharah's Co-op,saharah,駱嵐,ローラン,Saharah,Yellow,Black,黃 / 黑,イエロー / ブラック,Yellow / Black,1.0.0,1,No,Kitchen Rugs,5,0,10,0,1,10,7,1
Item:Red-design kitchen mat (New Horizons),Red-design kitchen mat,紅色圖案廚房地墊,あかいパターンキッチンマット,False,File:Red-Design_Kitchen_Mat_NH_Icon.png,紅色圖案廚房地墊_Red-design_kitchen_mat.png,https://dodo.ac/np/images/d/d7/Red-Design_Kitchen_Mat_NH_Icon.png,128,128,8970,images/rugs/紅色圖案廚房地墊_Red-design_kitchen_mat.webp,2.0 × 1.0,S,小型 (S),7340,RugRectNativeKitchenS,0,7340,50,141,Saharah; Saharah's Co-op,saharah,駱嵐,ローラン,Saharah,Red,Black,紅 / 黑,レッド / ブラック,Red / Black,1.0.0,1,No,Kitchen Rugs,6,0,10,0,1,10,7,2
Item:Blue-design kitchen mat (New Horizons),Blue-design kitchen mat,藍色圖案廚房地墊,あおいパターンキッチンマット,False,File:Blue-Design_Kitchen_Mat_NH_Icon.png,藍色圖案廚房地墊_Blue-design_kitchen_mat.png,https://dodo.ac/np/images/c/c8/Blue-Design_Kitchen_Mat_NH_Icon.png,128,128,9150,images/rugs/藍色圖案廚房地墊_Blue-design_kitchen_mat.webp,2.0 × 1.0,S,小型 (S),7595,RugRectNativeKitchenS,1,7340,51,24,Saharah; Saharah's Co-op,saharah,駱嵐,ローラン,Saharah,Blue,Black,藍 / 黑,ブルー / ブラック,Blue / Black,1.0.0,1,No,Kitchen Rugs,8,0,10,0,1,10,7,3
Item:Brown kitchen mat (New Horizons),Brown kitchen mat,茶色廚房地墊,ちゃいろいキッチンマット,False,File:Brown_Kitchen_Mat_NH_Icon.png,茶色廚房地墊_Brown_kitchen_mat.png,https://dodo.ac/np/images/6/6a/Brown_Kitchen_Mat_NH_Icon.png,128,128,9228,images/rugs/茶色廚房地墊_Brown_kitchen_mat.webp,2.0 × 1.0,S,小型 (S),7341,RugRectKitchenS,0,7341,54,29,Saharah; Saharah's Co-op,saharah,駱嵐,ローラン,Saharah,Brown,Brown,棕,ブラウン,Brown,1.0.0,1,No,Kitchen Rugs,2,0,10,0,1,10,14,4
Item:Yellow kitchen mat (New Horizons),Yellow kitchen mat,黃色廚房地墊,きいろいキッチンマット,False,File:Yellow_Kitchen_Mat_NH_Icon.png,黃色廚房地墊_Yellow_kitchen_mat.png,https://dodo.ac/np/images/2/20/Yellow_Kitchen_Mat_NH_Icon.png,128,128,8239,images/rugs/黃色廚房地墊_Yellow_kitchen_mat.webp,2.0 × 1.0,S,小型 (S),8395,RugRectKitchenS,1,7341,55,199,Saharah; Saharah's Co-op,saharah,駱嵐,ローラン,Saharah,Yellow,Yellow,黃,イエロー,Yellow,1.0.0,1,No,Kitchen Rugs,5,0,10,0,1,10,14,5
Item:Green kitchen mat (New Horizons),Green kitchen mat,綠色廚房地墊,みどりのキッチンマット,False,File:Green_Kitchen_Mat_NH_Icon.png,綠色廚房地墊_Green_kitchen_mat.png,https://dodo.ac/np/images/f/f9/Green_Kitchen_Mat_NH_Icon.png,128,128,9222,images/rugs/綠色廚房地墊_Green_kitchen_mat.webp,2.0 × 1.0,S,小型 (S),8393,RugRectKitchenS,3,7341,57,65,Saharah; Saharah's Co-op,saharah,駱嵐,ローラン,Saharah,Green,Green,綠,グリーン,Green,1.0.0,1,No,Kitchen Rugs,7,0,10,0,1,10,14,6
Item:Blue kitchen mat (New Horizons),Blue kitchen mat,藍色廚房地墊,あおいキッチンマット,False,File:Blue_Kitchen_Mat_NH_Icon.png,藍色廚房地墊_Blue_kitchen_mat.png,https://dodo.ac/np/images/e/ee/Blue_Kitchen_Mat_NH_Icon.png,128,128,9563,images/rugs/藍色廚房地墊_Blue_kitchen_mat.webp,2.0 × 1.0,S,小型 (S),8394,RugRectKitchenS,2,7341,56,14,Saharah; Saharah's Co-op,saharah,駱嵐,ローラン,Saharah,Blue,Blue,藍,ブルー,Blue,1.0.0,1,No,Kitchen Rugs,8,0,10,0,1,10,14,7
Item:Mom's lively kitchen mat (New Horizons),Mom's lively kitchen mat,活潑媽媽廚房地墊,げんきなははのキッチンマット,False,File:Mom's_Lively_Kitchen_Mat_NH_Icon.png,活潑媽媽廚房地墊_Mom's_lively_kitchen_mat.png,https://dodo.ac/np/images/f/f4/Mom%27s_Lively_Kitchen_Mat_NH_Icon.png,128,128,9529,images/rugs/活潑媽媽廚房地墊_Mom's_lively_kitchen_mat.webp,2.0 × 1.0,S,小型 (S),9543,RugRectMomS,2,7402,114,93,Mom,npc,活動/NPC,イベント/住民,Event / Special NPC,Yellow,Yellow,黃,イエロー,Yellow,1.0.0,1,No,Kitchen Rugs,5,0,10,0,1,10,92,8
Item:Mom's playful kitchen mat (New Horizons),Mom's playful kitchen mat,調皮媽媽廚房地墊,オチャメなははのキッチンマット,False,File:Mom's_Playful_Kitchen_Mat_NH_Icon.png,調皮媽媽廚房地墊_Mom's_playful_kitchen_mat.png,https://dodo.ac/np/images/0/03/Mom%27s_Playful_Kitchen_Mat_NH_Icon.png,128,128,9282,images/rugs/調皮媽媽廚房地墊_Mom's_playful_kitchen_mat.webp,2.0 × 1.0,S,小型 (S),9542,RugRectMomS,1,7402,113,94,Mom,npc,活動/NPC,イベント/住民,Event / Special NPC,Pink,Pink,粉紅,ピンク,Pink,1.0.0,1,No,Kitchen Rugs,6,0,10,0,1,10,92,9
Item:Mom's cool kitchen mat (New Horizons),Mom's cool kitchen mat,酷感媽媽廚房地墊,クールなははのキッチンマット,False,File:Mom's_Cool_Kitchen_Mat_NH_Icon.png,酷感媽媽廚房地墊_Mom's_cool_kitchen_mat.png,https://dodo.ac/np/images/a/af/Mom%27s_Cool_Kitchen_Mat_NH_Icon.png,128,128,9604,images/rugs/酷感媽媽廚房地墊_Mom's_cool_kitchen_mat.webp,2.0 × 1.0,S,小型 (S),7402,RugRectMomS,0,7402,112,92,Mom,npc,活動/NPC,イベント/住民,Event / Special NPC,Aqua,Aqua,水藍,アクア,Aqua,1.0.0,1,No,Kitchen Rugs,8,0,10,0,1,10,92,10
Item:Mom's reliable kitchen mat (New Horizons),Mom's reliable kitchen mat,可靠媽媽廚房地墊,たよれるははのキッチンマット,False,File:Mom's_Reliable_Kitchen_Mat_NH_Icon.png,可靠媽媽廚房地墊_Mom's_reliable_kitchen_mat.png,https://dodo.ac/np/images/f/f7/Mom%27s_Reliable_Kitchen_Mat_NH_Icon.png,128,128,9571,images/rugs/可靠媽媽廚房地墊_Mom's_reliable_kitchen_mat.webp,2.0 × 1.0,S,小型 (S),9541,RugRectMomS,3,7402,115,95,Mom,npc,活動/NPC,イベント/住民,Event / Special NPC,Purple,Purple,紫,パープル,Purple,1.0.0,1,No,Kitchen Rugs,9,0,10,0,1,10,92,11
Item:Shanty mat (New Horizons),Shanty mat,舊草蓆,ふるいむしろのラグ,False,File:Shanty_Mat_NH_Icon.png,舊草蓆_Shanty_mat.png,https://dodo.ac/np/images/4/49/Shanty_Mat_NH_Icon.png,128,128,13611,images/rugs/舊草蓆_Shanty_mat.webp,4.0 × 4.0,L,大型 (L),7345,RugSquareOldStrawL,0,7345,62,148,Saharah; Saharah's Co-op,saharah,駱嵐,ローラン,Saharah,Brown,Beige,棕 / 米,ブラウン / ベージュ,Brown / Beige,1.0.0,1,No,Simple Rugs,2,0,10,0,1,10,148,12
Item:White simple medium mat (New Horizons),White simple medium mat,中型白色簡約地墊,しろいシンプルマット・M,False,File:White_Simple_Medium_Mat_NH_Icon.png,中型白色簡約地墊_White_simple_medium_mat.png,https://dodo.ac/np/images/4/44/White_Simple_Medium_Mat_NH_Icon.png,128,128,9519,images/rugs/中型白色簡約地墊_White_simple_medium_mat.webp,3.0 × 3.0,M,中型 (M),7335,RugSquareSimpleM,0,7335,28,186,Saharah; Saharah's Co-op,saharah,駱嵐,ローラン,Saharah,Beige,White,米 / 白,ベージュ / ホワイト,Beige / White,1.0.0,1,No,Simple Rugs,1,0,10,0,1,10,152,13
Item:Simple medium brown mat (New Horizons),Simple medium brown mat,中型茶色簡約地墊,ちゃいろいシンプルマット・M,False,File:Simple_Medium_Brown_Mat_NH_Icon.png,中型茶色簡約地墊_Simple_medium_brown_mat.png,https://dodo.ac/np/images/a/ad/Simple_Medium_Brown_Mat_NH_Icon.png,128,128,10326,images/rugs/中型茶色簡約地墊_Simple_medium_brown_mat.webp,3.0 × 3.0,M,中型 (M),7519,RugSquareSimpleM,1,7335,29,155,Saharah; Saharah's Co-op,saharah,駱嵐,ローラン,Saharah,Brown,Brown,棕,ブラウン,Brown,1.0.0,1,No,Simple Rugs,2,0,10,0,1,10,152,14
Item:Simple medium black mat (New Horizons),Simple medium black mat,中型黑色簡約地墊,くろいシンプルマット・M,False,File:Simple_Medium_Black_Mat_NH_Icon.png,中型黑色簡約地墊_Simple_medium_black_mat.png,https://dodo.ac/np/images/5/58/Simple_Medium_Black_Mat_NH_Icon.png,128,128,10078,images/rugs/中型黑色簡約地墊_Simple_medium_black_mat.webp,3.0 × 3.0,M,中型 (M),7539,RugSquareSimpleM,7,7335,35,153,Saharah; Saharah's Co-op,saharah,駱嵐,ローラン,Saharah,Black,Black,黑,ブラック,Black,1.0.0,1,No,Simple Rugs,4,0,10,0,1,10,152,15
Item:Simple medium orange mat (New Horizons),Simple medium orange mat,中型橘色簡約地墊,オレンジのシンプルマット・M,False,File:Simple_Medium_Orange_Mat_NH_Icon.png,中型橘色簡約地墊_Simple_medium_orange_mat.png,https://dodo.ac/np/images/8/89/Simple_Medium_Orange_Mat_NH_Icon.png,128,128,8617,images/rugs/中型橘色簡約地墊_Simple_medium_orange_mat.webp,3.0 × 3.0,M,中型 (M),7536,RugSquareSimpleM,5,7335,33,156,Saharah; Saharah's Co-op,saharah,駱嵐,ローラン,Saharah,Orange,Orange,橘,オレンジ,Orange,1.0.0,1,No,Simple Rugs,5,1,120,0,1,10,152,16
Item:Simple medium red mat (New Horizons),Simple medium red mat,中型紅色簡約地墊,あかいシンプルマット・M,False,File:Simple_Medium_Red_Mat_NH_Icon.png,中型紅色簡約地墊_Simple_medium_red_mat.png,https://dodo.ac/np/images/f/f4/Simple_Medium_Red_Mat_NH_Icon.png,128,128,10769,images/rugs/中型紅色簡約地墊_Simple_medium_red_mat.webp,3.0 × 3.0,M,中型 (M),7540,RugSquareSimpleM,4,7335,32,158,Saharah; Saharah's Co-op,saharah,駱嵐,ローラン,Saharah,Red,Red,紅,レッド,Red,1.0.0,1,No,Simple Rugs,6,0,10,0,1,10,152,17
Item:Simple medium avocado mat (New Horizons),Simple medium avocado mat,中型卡其色簡約地墊,カーキのシンプルマット・M,False,File:Simple_Medium_Avocado_Mat_NH_Icon.png,中型卡其色簡約地墊_Simple_medium_avocado_mat.png,https://dodo.ac/np/images/4/40/Simple_Medium_Avocado_Mat_NH_Icon.png,128,128,10290,images/rugs/中型卡其色簡約地墊_Simple_medium_avocado_mat.webp,3.0 × 3.0,M,中型 (M),7524,RugSquareSimpleM,3,7335,31,152,Saharah; Saharah's Co-op,saharah,駱嵐,ローラン,Saharah,Green,Green,綠,グリーン,Green,1.0.0,1,No,Simple Rugs,7,0,10,0,1,10,152,18
Item:Simple medium blue mat (New Horizons),Simple medium blue mat,中型藍色簡約地墊,あおいシンプルマット・M,False,File:Simple_Medium_Blue_Mat_NH_Icon.png,中型藍色簡約地墊_Simple_medium_blue_mat.png,https://dodo.ac/np/images/5/58/Simple_Medium_Blue_Mat_NH_Icon.png,128,128,10253,images/rugs/中型藍色簡約地墊_Simple_medium_blue_mat.webp,3.0 × 3.0,M,中型 (M),7523,RugSquareSimpleM,2,7335,30,154,Saharah; Saharah's Co-op,saharah,駱嵐,ローラン,Saharah,Blue,Blue,藍,ブルー,Blue,1.0.0,1,No,Simple Rugs,8,0,10,0,1,10,152,19
Item:Simple medium purple mat (New Horizons),Simple medium purple mat,中型紫色簡約地墊,むらさきのシンプルマット・M,False,File:Simple_Medium_Purple_Mat_NH_Icon.png,中型紫色簡約地墊_Simple_medium_purple_mat.png,https://dodo.ac/np/images/1/19/Simple_Medium_Purple_Mat_NH_Icon.png,128,128,11119,images/rugs/中型紫色簡約地墊_Simple_medium_purple_mat.webp,3.0 × 3.0,M,中型 (M),7538,RugSquareSimpleM,6,7335,34,157,Saharah; Saharah's Co-op,saharah,駱嵐,ローラン,Saharah,Purple,Purple,紫,パープル,Purple,1.0.0,1,No,Simple Rugs,9,0,10,0,1,10,152,20
Item:White simple small mat (New Horizons),White simple small mat,小型白色簡約地墊,しろいシンプルマット・S,False,File:White_Simple_Small_Mat_NH_Icon.png,小型白色簡約地墊_White_simple_small_mat.png,https://dodo.ac/np/images/2/2c/White_Simple_Small_Mat_NH_Icon.png,128,128,10443,images/rugs/小型白色簡約地墊_White_simple_small_mat.webp,2.0 × 2.0,S,小型 (S),7336,RugSquareSimpleS,0,7336,36,187,Saharah; Saharah's Co-op,saharah,駱嵐,ローラン,Saharah,Beige,White,米 / 白,ベージュ / ホワイト,Beige / White,1.0.0,1,No,Simple Rugs,1,0,10,0,1,10,161,21
Item:Simple small brown mat (New Horizons),Simple small brown mat,小型茶色簡約地墊,ちゃいろいシンプルマット・S,False,File:Simple_Small_Brown_Mat_NH_Icon.png,小型茶色簡約地墊_Simple_small_brown_mat.png,https://dodo.ac/np/images/a/a3/Simple_Small_Brown_Mat_NH_Icon.png,128,128,10653,images/rugs/小型茶色簡約地墊_Simple_small_brown_mat.webp,2.0 × 2.0,S,小型 (S),7522,RugSquareSimpleS,1,7336,37,164,Saharah; Saharah's Co-op,saharah,駱嵐,ローラン,Saharah,Brown,Brown,棕,ブラウン,Brown,1.0.0,1,No,Simple Rugs,2,0,10,0,1,10,161,22
Item:Simple small black mat (New Horizons),Simple small black mat,小型黑色簡約地墊,くろいシンプルマット・S,False,File:Simple_Small_Black_Mat_NH_Icon.png,小型黑色簡約地墊_Simple_small_black_mat.png,https://dodo.ac/np/images/1/1f/Simple_Small_Black_Mat_NH_Icon.png,128,128,10588,images/rugs/小型黑色簡約地墊_Simple_small_black_mat.webp,2.0 × 2.0,S,小型 (S),7543,RugSquareSimpleS,7,7336,43,162,Saharah; Saharah's Co-op,saharah,駱嵐,ローラン,Saharah,Black,Black,黑,ブラック,Black,1.0.0,1,No,Simple Rugs,4,0,10,0,1,10,161,23
Item:Simple small orange mat (New Horizons),Simple small orange mat,小型橘色簡約地墊,オレンジのシンプルマット・S,False,File:Simple_Small_Orange_Mat_NH_Icon.png,小型橘色簡約地墊_Simple_small_orange_mat.png,https://dodo.ac/np/images/b/b5/Simple_Small_Orange_Mat_NH_Icon.png,128,128,8571,images/rugs/小型橘色簡約地墊_Simple_small_orange_mat.webp,2.0 × 2.0,S,小型 (S),7541,RugSquareSimpleS,5,7336,41,165,Saharah; Saharah's Co-op,saharah,駱嵐,ローラン,Saharah,Orange,Orange,橘,オレンジ,Orange,1.0.0,1,No,Simple Rugs,5,1,120,0,1,10,161,24
Item:Simple small red mat (New Horizons),Simple small red mat,小型紅色簡約地墊,あかいシンプルマット・S,False,File:Simple_Small_Red_Mat_NH_Icon.png,小型紅色簡約地墊_Simple_small_red_mat.png,https://dodo.ac/np/images/0/02/Simple_Small_Red_Mat_NH_Icon.png,128,128,11337,images/rugs/小型紅色簡約地墊_Simple_small_red_mat.webp,2.0 × 2.0,S,小型 (S),7537,RugSquareSimpleS,4,7336,40,167,Saharah; Saharah's Co-op,saharah,駱嵐,ローラン,Saharah,Red,Red,紅,レッド,Red,1.0.0,1,No,Simple Rugs,6,0,10,0,1,10,161,25
Item:Simple small avocado mat (New Horizons),Simple small avocado mat,小型卡其色簡約地墊,カーキのシンプルマット・S,False,File:Simple_Small_Avocado_Mat_NH_Icon.png,小型卡其色簡約地墊_Simple_small_avocado_mat.png,https://dodo.ac/np/images/6/62/Simple_Small_Avocado_Mat_NH_Icon.png,128,128,10267,images/rugs/小型卡其色簡約地墊_Simple_small_avocado_mat.webp,2.0 × 2.0,S,小型 (S),7520,RugSquareSimpleS,3,7336,39,161,Saharah; Saharah's Co-op,saharah,駱嵐,ローラン,Saharah,Green,Green,綠,グリーン,Green,1.0.0,1,No,Simple Rugs,7,0,10,0,1,10,161,26
Item:Simple small blue mat (New Horizons),Simple small blue mat,小型藍色簡約地墊,あおいシンプルマット・S,False,File:Simple_Small_Blue_Mat_NH_Icon.png,小型藍色簡約地墊_Simple_small_blue_mat.png,https://dodo.ac/np/images/4/4a/Simple_Small_Blue_Mat_NH_Icon.png,128,128,10314,images/rugs/小型藍色簡約地墊_Simple_small_blue_mat.webp,2.0 × 2.0,S,小型 (S),7521,RugSquareSimpleS,2,7336,38,163,Saharah; Saharah's Co-op,saharah,駱嵐,ローラン,Saharah,Blue,Blue,藍,ブルー,Blue,1.0.0,1,No,Simple Rugs,8,0,10,0,1,10,161,27
Item:Simple small purple mat (New Horizons),Simple small purple mat,小型紫色簡約地墊,むらさきのシンプルマット・S,False,File:Simple_Small_Purple_Mat_NH_Icon.png,小型紫色簡約地墊_Simple_small_purple_mat.png,https://dodo.ac/np/images/f/f2/Simple_Small_Purple_Mat_NH_Icon.png,128,128,11512,images/rugs/小型紫色簡約地墊_Simple_small_purple_mat.webp,2.0 × 2.0,S,小型 (S),7542,RugSquareSimpleS,6,7336,42,166,Saharah; Saharah's Co-op,saharah,駱嵐,ローラン,Saharah,Purple,Purple,紫,パープル,Purple,1.0.0,1,No,Simple Rugs,9,0,10,0,1,10,161,28
Item:Sloppy rug (New Horizons),Sloppy rug,邋遢地毯,だらしないラグ,False,File:Sloppy_Rug_NH_Icon.png,邋遢地毯_Sloppy_rug.png,https://dodo.ac/np/images/8/8a/Sloppy_Rug_NH_Icon.png,128,128,8684,images/rugs/邋遢地毯_Sloppy_rug.webp,4.0 × 4.0,L,大型 (L),7371,RugOtherSloppyL,0,7371,111,169,Saharah; Saharah's Co-op,saharah,駱嵐,ローラン,Saharah,Aqua,Aqua,水藍,アクア,Aqua,1.0.0,1,No,Simple Rugs,8,0,10,0,1,10,169,29
Item:Aluminum rug (New Horizons),Aluminum rug,鋁箔地墊,アルミマット,False,File:Aluminum_Rug_NH_Icon.png,鋁箔地墊_Aluminum_rug.png,https://dodo.ac/np/images/0/0a/Aluminum_Rug_NH_Icon.png,128,128,7064,images/rugs/鋁箔地墊_Aluminum_rug.webp,3.0 × 2.0,M,中型 (M),7356,RugRectAluminumM,0,7356,90,2,Saharah; Saharah's Co-op,saharah,駱嵐,ローラン,Saharah,Gray,Gray,灰,グレー,Gray,1.0.0,1,No,Slender Rugs,3,0,20,0,1,20,2,30
Item:Bell-bag rug (New Horizons),Bell-bag rug,鈴錢袋地毯,ベルぶくろのラグ,False,File:Bell-Bag_Rug_NH_Icon.png,鈴錢袋地毯_Bell-bag_rug.png,https://dodo.ac/np/images/e/eb/Bell-Bag_Rug_NH_Icon.png,128,128,9017,images/rugs/鈴錢袋地毯_Bell-bag_rug.webp,3.0 × 3.0,M,中型 (M),12214,RugOtherBellM,0,12214,130,4,Nintendo; Nook Miles Redemption,miles,哩數兌換,マイル交換,Nook Miles,Yellow,Yellow,黃,イエロー,Yellow,1.2.0,1,No,Park Rugs,5,0,20,0,1,20,4,31
Item:Black blocks rug (New Horizons),Black blocks rug,灰階配色磚塊地毯,モノクロブロックのラグ,False,File:Black_Blocks_Rug_NH_Icon.png,灰階配色磚塊地毯_Black_blocks_rug.png,https://dodo.ac/np/images/0/0e/Black_Blocks_Rug_NH_Icon.png,128,128,11890,images/rugs/灰階配色磚塊地毯_Black_blocks_rug.webp,3.0 × 3.0,M,中型 (M),11104,RugSquareBlockM,3,11101,127,5,Saharah; Saharah's Co-op,saharah,駱嵐,ローラン,Saharah,Black,Gray,黑 / 灰,ブラック / グレー,Black / Gray,1.0.0,1,No,Pattern Rugs,3,0,20,0,1,20,5,32
Item:Yellow blocks rug (New Horizons),Yellow blocks rug,黃色磚塊地毯,きいろブロックのラグ,False,File:Yellow_Blocks_Rug_NH_Icon.png,黃色磚塊地毯_Yellow_blocks_rug.png,https://dodo.ac/np/images/1/1d/Yellow_Blocks_Rug_NH_Icon.png,128,128,12952,images/rugs/黃色磚塊地毯_Yellow_blocks_rug.webp,3.0 × 3.0,M,中型 (M),11103,RugSquareBlockM,2,11101,126,195,Saharah; Saharah's Co-op,saharah,駱嵐,ローラン,Saharah,Yellow,Brown,黃 / 棕,イエロー / ブラウン,Yellow / Brown,1.0.0,1,No,Pattern Rugs,5,0,20,0,1,20,5,33
Item:Red blocks rug (New Horizons),Red blocks rug,紅色磚塊地毯,あかブロックのラグ,False,File:Red_Blocks_Rug_NH_Icon.png,紅色磚塊地毯_Red_blocks_rug.png,https://dodo.ac/np/images/d/d6/Red_Blocks_Rug_NH_Icon.png,128,128,12726,images/rugs/紅色磚塊地毯_Red_blocks_rug.webp,3.0 × 3.0,M,中型 (M),11101,RugSquareBlockM,0,11101,124,124,Saharah; Saharah's Co-op,saharah,駱嵐,ローラン,Saharah,Red,Red,紅,レッド,Red,1.0.0,1,No,Pattern Rugs,6,0,20,0,1,20,5,34
Item:Blue blocks rug (New Horizons),Blue blocks rug,藍色磚塊地毯,あおブロックのラグ,False,File:Blue_Blocks_Rug_NH_Icon.png,藍色磚塊地毯_Blue_blocks_rug.png,https://dodo.ac/np/images/8/87/Blue_Blocks_Rug_NH_Icon.png,128,128,12858,images/rugs/藍色磚塊地毯_Blue_blocks_rug.webp,3.0 × 3.0,M,中型 (M),11102,RugSquareBlockM,1,11101,125,9,Saharah; Saharah's Co-op,saharah,駱嵐,ローラン,Saharah,Blue,Blue,藍,ブルー,Blue,1.0.0,1,No,Pattern Rugs,8,0,20,0,1,20,5,35
Item:White wooden-deck rug (New Horizons),White wooden-deck rug,白色木甲板地毯,しろいウッドデッキのラグ,False,File:White_Wooden-Deck_Rug_NH_Icon.png,白色木甲板地毯_White_wooden-deck_rug.png,https://dodo.ac/np/images/8/83/White_Wooden-Deck_Rug_NH_Icon.png,128,128,9972,images/rugs/白色木甲板地毯_White_wooden-deck_rug.webp,3.0 × 2.0,M,中型 (M),7381,RugRectDeckM,2,7323,7,190,Saharah; Saharah's Co-op,saharah,駱嵐,ローラン,Saharah,White,White,白,ホワイト,White,1.0.0,1,No,Wood Rugs,1,0,20,0,1,20,6,36
Item:Brown wooden-deck rug (New Horizons),Brown wooden-deck rug,茶色木甲板地毯,ちゃいろいウッドデッキのラグ,False,File:Brown_Wooden-Deck_Rug_NH_Icon.png,茶色木甲板地毯_Brown_wooden-deck_rug.png,https://dodo.ac/np/images/9/92/Brown_Wooden-Deck_Rug_NH_Icon.png,128,128,10121,images/rugs/茶色木甲板地毯_Brown_wooden-deck_rug.webp,3.0 × 2.0,M,中型 (M),7323,RugRectDeckM,0,7323,5,31,Saharah; Saharah's Co-op,saharah,駱嵐,ローラン,Saharah,Brown,Brown,棕,ブラウン,Brown,1.0.0,1,No,Wood Rugs,2,0,20,0,1,20,6,37
Item:Natural wooden-deck rug (New Horizons),Natural wooden-deck rug,自然色木甲板地毯,ナチュラルなウッドデッキのラグ,False,File:Natural_Wooden-Deck_Rug_NH_Icon.png,自然色木甲板地毯_Natural_wooden-deck_rug.png,https://dodo.ac/np/images/d/db/Natural_Wooden-Deck_Rug_NH_Icon.png,128,128,10685,images/rugs/自然色木甲板地毯_Natural_wooden-deck_rug.webp,3.0 × 2.0,M,中型 (M),7380,RugRectDeckM,1,7323,6,101,Saharah; Saharah's Co-op,saharah,駱嵐,ローラン,Saharah,Brown,Brown,棕,ブラウン,Brown,1.0.0,1,No,Wood Rugs,2,0,20,0,1,20,6,38
Item:Black wooden-deck rug (New Horizons),Black wooden-deck rug,黑色木甲板地毯,くろいウッドデッキのラグ,False,File:Black_Wooden-Deck_Rug_NH_Icon.png,黑色木甲板地毯_Black_wooden-deck_rug.png,https://dodo.ac/np/images/b/be/Black_Wooden-Deck_Rug_NH_Icon.png,128,128,9881,images/rugs/黑色木甲板地毯_Black_wooden-deck_rug.webp,3.0 × 2.0,M,中型 (M),7382,RugRectDeckM,3,7323,8,6,Saharah; Saharah's Co-op,saharah,駱嵐,ローラン,Saharah,Black,Black,黑,ブラック,Black,1.0.0,1,No,Wood Rugs,2,0,20,0,1,20,6,39
Item:Brown argyle rug (New Horizons),Brown argyle rug,茶色菱格紋地毯,ちゃいろいアーガイルのラグ,False,File:Brown_Argyle_Rug_NH_Icon.png,茶色菱格紋地毯_Brown_argyle_rug.png,https://dodo.ac/np/images/5/52/Brown_Argyle_Rug_NH_Icon.png,128,128,9864,images/rugs/茶色菱格紋地毯_Brown_argyle_rug.webp,4.0 × 3.0,L,大型 (L),8468,RugRectArgyleL,3,7352,84,27,Saharah; Saharah's Co-op,saharah,駱嵐,ローラン,Saharah,Brown,Yellow,棕 / 黃,ブラウン / イエロー,Brown / Yellow,1.0.0,1,No,Slender Pattern Rugs,2,0,20,0,1,20,8,40
Item:Yellow argyle rug (New Horizons),Yellow argyle rug,黃色菱格紋地毯,きいろいアーガイルのラグ,False,File:Yellow_Argyle_Rug_NH_Icon.png,黃色菱格紋地毯_Yellow_argyle_rug.png,https://dodo.ac/np/images/a/a0/Yellow_Argyle_Rug_NH_Icon.png,128,128,10336,images/rugs/黃色菱格紋地毯_Yellow_argyle_rug.webp,4.0 × 3.0,L,大型 (L),7352,RugRectArgyleL,0,7352,81,193,Saharah; Saharah's Co-op,saharah,駱嵐,ローラン,Saharah,Yellow,Yellow,黃,イエロー,Yellow,1.0.0,1,No,Slender Pattern Rugs,5,0,20,0,1,20,8,41
Item:Red argyle rug (New Horizons),Red argyle rug,紅色菱格紋地毯,あかいアーガイルのラグ,False,File:Red_Argyle_Rug_NH_Icon.png,紅色菱格紋地毯_Red_argyle_rug.png,https://dodo.ac/np/images/b/bb/Red_Argyle_Rug_NH_Icon.png,128,128,10744,images/rugs/紅色菱格紋地毯_Red_argyle_rug.webp,4.0 × 3.0,L,大型 (L),8466,RugRectArgyleL,1,7352,82,123,Saharah; Saharah's Co-op,saharah,駱嵐,ローラン,Saharah,Red,Red,紅,レッド,Red,1.0.0,1,No,Slender Pattern Rugs,6,0,20,0,1,20,8,42
Item:Blue argyle rug (New Horizons),Blue argyle rug,藍色菱格紋地毯,あおいアーガイルのラグ,False,File:Blue_Argyle_Rug_NH_Icon.png,藍色菱格紋地毯_Blue_argyle_rug.png,https://dodo.ac/np/images/2/2f/Blue_Argyle_Rug_NH_Icon.png,128,128,10637,images/rugs/藍色菱格紋地毯_Blue_argyle_rug.webp,4.0 × 3.0,L,大型 (L),8467,RugRectArgyleL,2,7352,83,8,Saharah; Saharah's Co-op,saharah,駱嵐,ローラン,Saharah,Blue,Green,藍 / 綠,ブルー / グリーン,Blue / Green,1.0.0,1,No,Slender Pattern Rugs,8,0,20,0,1,20,8,43
Item:Monochromatic dotted rug (New Horizons),Monochromatic dotted rug,灰階配色點點地墊,モノクロドットのラグ,False,File:Monochromatic_Dotted_Rug_NH_Icon.png,灰階配色點點地墊_Monochromatic_dotted_rug.png,https://dodo.ac/np/images/7/74/Monochromatic_Dotted_Rug_NH_Icon.png,128,128,9110,images/rugs/灰階配色點點地墊_Monochromatic_dotted_rug.webp,4.0 × 3.0,L,大型 (L),7349,RugRectDotL,0,7349,69,96,Saharah; Saharah's Co-op,saharah,駱嵐,ローラン,Saharah,Black,White,黑 / 白,ブラック / ホワイト,Black / White,1.0.0,1,No,Slender Pattern Rugs,3,0,20,0,1,20,10,44
Item:Red dotted rug (New Horizons),Red dotted rug,紅色點點地墊,レッドドットのラグ,False,File:Red_Dotted_Rug_NH_Icon.png,紅色點點地墊_Red_dotted_rug.png,https://dodo.ac/np/images/d/d8/Red_Dotted_Rug_NH_Icon.png,128,128,10235,images/rugs/紅色點點地墊_Red_dotted_rug.webp,4.0 × 3.0,L,大型 (L),7465,RugRectDotL,2,7349,71,127,Saharah; Saharah's Co-op,saharah,駱嵐,ローラン,Saharah,Red,Red,紅,レッド,Red,1.0.0,1,No,Slender Pattern Rugs,6,0,20,0,1,20,10,45
Item:Retro dotted rug (New Horizons),Retro dotted rug,復古點點地毯,レトロドットのラグ,False,File:Retro_Dotted_Rug_NH_Icon.png,復古點點地毯_Retro_dotted_rug.png,https://dodo.ac/np/images/0/0d/Retro_Dotted_Rug_NH_Icon.png,128,128,10233,images/rugs/復古點點地毯_Retro_dotted_rug.webp,4.0 × 3.0,L,大型 (L),7466,RugRectDotL,1,7349,70,142,Saharah; Saharah's Co-op,saharah,駱嵐,ローラン,Saharah,Green,Green,綠,グリーン,Green,1.0.0,1,No,Slender Pattern Rugs,7,0,20,0,1,20,10,46
Item:Blue dotted rug (New Horizons),Blue dotted rug,藍色點點地墊,ブルードットのラグ,False,File:Blue_Dotted_Rug_NH_Icon.png,藍色點點地墊_Blue_dotted_rug.png,https://dodo.ac/np/images/6/6a/Blue_Dotted_Rug_NH_Icon.png,128,128,10633,images/rugs/藍色點點地墊_Blue_dotted_rug.webp,4.0 × 3.0,L,大型 (L),7467,RugRectDotL,3,7349,72,10,Saharah; Saharah's Co-op,saharah,駱嵐,ローラン,Saharah,Blue,Blue,藍,ブルー,Blue,1.0.0,1,No,Slender Pattern Rugs,8,0,20,0,1,20,10,47
Item:Yellow kilim-style carpet (New Horizons),Yellow kilim-style carpet,黃色基裡姆地毯,きいろいキリムのカーペット,False,File:Yellow_Kilim-Style_Carpet_NH_Icon.png,黃色基裡姆地毯_Yellow_kilim-style_carpet.png,https://dodo.ac/np/images/7/74/Yellow_Kilim-Style_Carpet_NH_Icon.png,128,128,14194,images/rugs/黃色基裡姆地毯_Yellow_kilim-style_carpet.webp,5.0 × 5.0,L,大型 (L),9315,RugSquareKirimL,3,9313,123,198,Saharah; Saharah's Co-op,saharah,駱嵐,ローラン,Saharah,Yellow,Beige,黃 / 米,イエロー / ベージュ,Yellow / Beige,1.0.0,1,No,Pattern Rugs,5,0,20,0,1,20,13,48
Item:Red kilim-style carpet (New Horizons),Red kilim-style carpet,紅色基裡姆地毯,あかいキリムのカーペット,False,File:Red_Kilim-Style_Carpet_NH_Icon.png,紅色基裡姆地毯_Red_kilim-style_carpet.png,https://dodo.ac/np/images/3/32/Red_Kilim-Style_Carpet_NH_Icon.png,128,128,13748,images/rugs/紅色基裡姆地毯_Red_kilim-style_carpet.webp,5.0 × 5.0,L,大型 (L),9313,RugSquareKirimL,0,9313,120,130,Saharah; Saharah's Co-op,saharah,駱嵐,ローラン,Saharah,Red,Red,紅,レッド,Red,1.0.0,1,No,Pattern Rugs,6,0,20,0,1,20,13,49
Item:Green kilim-style carpet (New Horizons),Green kilim-style carpet,綠色基裡姆地毯,みどりのキリムのカーペット,False,File:Green_Kilim-Style_Carpet_NH_Icon.png,綠色基裡姆地毯_Green_kilim-style_carpet.png,https://dodo.ac/np/images/d/d7/Green_Kilim-Style_Carpet_NH_Icon.png,128,128,13537,images/rugs/綠色基裡姆地毯_Green_kilim-style_carpet.webp,5.0 × 5.0,L,大型 (L),9314,RugSquareKirimL,2,9313,122,64,Saharah; Saharah's Co-op,saharah,駱嵐,ローラン,Saharah,Green,Green,綠,グリーン,Green,1.0.0,1,No,Pattern Rugs,7,0,20,0,1,20,13,50
Item:Blue kilim-style carpet (New Horizons),Blue kilim-style carpet,藍色基裡姆地毯,あおいキリムのカーペット,False,File:Blue_Kilim-Style_Carpet_NH_Icon.png,藍色基裡姆地毯_Blue_kilim-style_carpet.png,https://dodo.ac/np/images/6/63/Blue_Kilim-Style_Carpet_NH_Icon.png,128,128,13219,images/rugs/藍色基裡姆地毯_Blue_kilim-style_carpet.webp,5.0 × 5.0,L,大型 (L),9316,RugSquareKirimL,1,9313,121,13,Saharah; Saharah's Co-op,saharah,駱嵐,ローラン,Saharah,Blue,Black,藍 / 黑,ブルー / ブラック,Blue / Black,1.0.0,1,No,Pattern Rugs,8,0,20,0,1,20,13,51
Item:Ivory medium round mat (New Horizons),Ivory medium round mat,中型象牙色圓地墊,アイボリーのラウンドマット・M,False,File:Ivory_Medium_Round_Mat_NH_Icon.png,中型象牙色圓地墊_Ivory_medium_round_mat.png,https://dodo.ac/np/images/7/7b/Ivory_Medium_Round_Mat_NH_Icon.png,128,128,8894,images/rugs/中型象牙色圓地墊_Ivory_medium_round_mat.webp,3.0 × 3.0,M,中型 (M),7325,RugRoundSimpleM,0,7325,10,71,Saharah; Saharah's Co-op,saharah,駱嵐,ローラン,Saharah,Beige,White,米 / 白,ベージュ / ホワイト,Beige / White,1.0.0,1,No,Shaggy Round Rugs,1,0,20,0,1,20,15,52
Item:Yellow medium round mat (New Horizons),Yellow medium round mat,中型黃色圓地墊,きいろいラウンドマット・M,False,File:Yellow_Medium_Round_Mat_NH_Icon.png,中型黃色圓地墊_Yellow_medium_round_mat.png,https://dodo.ac/np/images/1/17/Yellow_Medium_Round_Mat_NH_Icon.png,128,128,8180,images/rugs/中型黃色圓地墊_Yellow_medium_round_mat.webp,3.0 × 3.0,M,中型 (M),9544,RugRoundSimpleM,3,7325,13,200,Saharah; Saharah's Co-op,saharah,駱嵐,ローラン,Saharah,Yellow,Yellow,黃,イエロー,Yellow,1.0.0,1,No,Shaggy Round Rugs,5,0,20,0,1,20,15,53
Item:Red medium round mat (New Horizons),Red medium round mat,中型紅色圓地墊,あかいラウンドマット・M,False,File:Red_Medium_Round_Mat_NH_Icon.png,中型紅色圓地墊_Red_medium_round_mat.png,https://dodo.ac/np/images/4/48/Red_Medium_Round_Mat_NH_Icon.png,128,128,7784,images/rugs/中型紅色圓地墊_Red_medium_round_mat.webp,3.0 × 3.0,M,中型 (M),9545,RugRoundSimpleM,1,7325,11,131,Saharah; Saharah's Co-op,saharah,駱嵐,ローラン,Saharah,Red,Red,紅,レッド,Red,1.0.0,1,No,Shaggy Round Rugs,6,0,20,0,1,20,15,54
Item:Blue medium round mat (New Horizons),Blue medium round mat,中型藍色圓地墊,あおいラウンドマット・M,False,File:Blue_Medium_Round_Mat_NH_Icon.png,中型藍色圓地墊_Blue_medium_round_mat.png,https://dodo.ac/np/images/6/62/Blue_Medium_Round_Mat_NH_Icon.png,128,128,8005,images/rugs/中型藍色圓地墊_Blue_medium_round_mat.webp,3.0 × 3.0,M,中型 (M),9546,RugRoundSimpleM,2,7325,12,15,Saharah; Saharah's Co-op,saharah,駱嵐,ローラン,Saharah,Blue,Blue,藍,ブルー,Blue,1.0.0,1,No,Shaggy Round Rugs,8,0,20,0,1,20,15,55
Item:Yellow Persian rug (New Horizons),Yellow Persian rug,黃色波斯地毯,きいろいペルシャじゅうたん,False,File:Yellow_Persian_Rug_NH_Icon.png,黃色波斯地毯_Yellow_Persian_rug.png,https://dodo.ac/np/images/4/46/Yellow_Persian_Rug_NH_Icon.png,128,128,14363,images/rugs/黃色波斯地毯_Yellow_Persian_rug.webp,5.0 × 5.0,L,大型 (L),8036,RugSquarePersianL,2,7347,66,202,Saharah; Saharah's Co-op,saharah,駱嵐,ローラン,Saharah,Yellow,Beige,黃 / 米,イエロー / ベージュ,Yellow / Beige,1.0.0,1,No,Pattern Rugs,5,0,20,0,1,20,17,56
Item:Red Persian rug (New Horizons),Red Persian rug,紅色波斯地毯,あかいペルシャじゅうたん,False,File:Red_Persian_Rug_NH_Icon.png,紅色波斯地毯_Red_Persian_rug.png,https://dodo.ac/np/images/3/3b/Red_Persian_Rug_NH_Icon.png,128,128,14271,images/rugs/紅色波斯地毯_Red_Persian_rug.webp,5.0 × 5.0,L,大型 (L),7347,RugSquarePersianL,0,7347,64,133,Saharah; Saharah's Co-op,saharah,駱嵐,ローラン,Saharah,Red,Beige,紅 / 米,レッド / ベージュ,Red / Beige,1.0.0,1,No,Pattern Rugs,6,0,20,0,1,20,17,57
Item:Blue Persian rug (New Horizons),Blue Persian rug,藍色波斯地毯,あおいペルシャじゅうたん,False,File:Blue_Persian_Rug_NH_Icon.png,藍色波斯地毯_Blue_Persian_rug.png,https://dodo.ac/np/images/a/a2/Blue_Persian_Rug_NH_Icon.png,128,128,14085,images/rugs/藍色波斯地毯_Blue_Persian_rug.webp,5.0 × 5.0,L,大型 (L),8035,RugSquarePersianL,1,7347,65,17,Saharah; Saharah's Co-op,saharah,駱嵐,ローラン,Saharah,Blue,Beige,藍 / 米,ブルー / ベージュ,Blue / Beige,1.0.0,1,No,Pattern Rugs,8,0,20,0,1,20,17,58
Item:Purple Persian rug (New Horizons),Purple Persian rug,紫色波斯地毯,むらさきのペルシャじゅうたん,False,File:Purple_Persian_Rug_NH_Icon.png,紫色波斯地毯_Purple_Persian_rug.png,https://dodo.ac/np/images/3/35/Purple_Persian_Rug_NH_Icon.png,128,128,14397,images/rugs/紫色波斯地毯_Purple_Persian_rug.webp,5.0 × 5.0,L,大型 (L),8037,RugSquarePersianL,3,7347,67,120,Saharah; Saharah's Co-op,saharah,駱嵐,ローラン,Saharah,Purple,Beige,紫 / 米,パープル / ベージュ,Purple / Beige,1.0.0,1,No,Pattern Rugs,9,0,20,0,1,20,17,59
Item:Brown shaggy rug (New Horizons),Brown shaggy rug,茶色長毛地毯,ちゃいろいシャギーなラグ,False,File:Brown_Shaggy_Rug_NH_Icon.png,茶色長毛地毯_Brown_shaggy_rug.png,https://dodo.ac/np/images/f/f4/Brown_Shaggy_Rug_NH_Icon.png,128,128,11900,images/rugs/茶色長毛地毯_Brown_shaggy_rug.webp,5.0 × 5.0,L,大型 (L),9563,RugSquareShaggyL,1,7354,87,30,Saharah; Saharah's Co-op,saharah,駱嵐,ローラン,Saharah,Brown,Brown,棕,ブラウン,Brown,1.0.0,1,No,Pattern Rugs,2,0,20,0,1,20,18,60
Item:Green shaggy rug (New Horizons),Green shaggy rug,綠色長毛地毯,みどりのシャギーなラグ,False,File:Green_Shaggy_Rug_NH_Icon.png,綠色長毛地毯_Green_shaggy_rug.png,https://dodo.ac/np/images/7/7f/Green_Shaggy_Rug_NH_Icon.png,128,128,11589,images/rugs/綠色長毛地毯_Green_shaggy_rug.webp,5.0 × 5.0,L,大型 (L),7354,RugSquareShaggyL,0,7354,86,66,Saharah; Saharah's Co-op,saharah,駱嵐,ローラン,Saharah,Green,Green,綠,グリーン,Green,1.0.0,1,No,Pattern Rugs,7,0,20,0,1,20,18,61
Item:Blue shaggy rug (New Horizons),Blue shaggy rug,藍色長毛地毯,あおいシャギーなラグ,False,File:Blue_Shaggy_Rug_NH_Icon.png,藍色長毛地毯_Blue_shaggy_rug.png,https://dodo.ac/np/images/8/84/Blue_Shaggy_Rug_NH_Icon.png,128,128,12016,images/rugs/藍色長毛地毯_Blue_shaggy_rug.webp,5.0 × 5.0,L,大型 (L),9564,RugSquareShaggyL,2,7354,88,18,Saharah; Saharah's Co-op,saharah,駱嵐,ローラン,Saharah,Blue,Blue,藍,ブルー,Blue,1.0.0,1,No,Pattern Rugs,8,0,20,0,1,20,18,62
Item:Purple shaggy rug (New Horizons),Purple shaggy rug,紫色長毛地毯,むらさきのシャギーなラグ,False,File:Purple_Shaggy_Rug_NH_Icon.png,紫色長毛地毯_Purple_shaggy_rug.png,https://dodo.ac/np/images/c/cf/Purple_Shaggy_Rug_NH_Icon.png,128,128,12125,images/rugs/紫色長毛地毯_Purple_shaggy_rug.webp,5.0 × 5.0,L,大型 (L),9562,RugSquareShaggyL,3,7354,89,121,Saharah; Saharah's Co-op,saharah,駱嵐,ローラン,Saharah,Purple,Purple,紫,パープル,Purple,1.0.0,1,No,Pattern Rugs,9,0,20,0,1,20,18,63
Item:Ivory small round mat (New Horizons),Ivory small round mat,小型象牙色圓地墊,アイボリーのラウンドマット・S,False,File:Ivory_Small_Round_Mat_NH_Icon.png,小型象牙色圓地墊_Ivory_small_round_mat.png,https://dodo.ac/np/images/4/48/Ivory_Small_Round_Mat_NH_Icon.png,128,128,9066,images/rugs/小型象牙色圓地墊_Ivory_small_round_mat.webp,2.0 × 2.0,S,小型 (S),7334,RugRoundSimpleS,0,7334,24,73,Saharah; Saharah's Co-op,saharah,駱嵐,ローラン,Saharah,Beige,White,米 / 白,ベージュ / ホワイト,Beige / White,1.0.0,1,No,Shaggy Round Rugs,1,0,20,0,1,20,19,64
Item:Yellow small round mat (New Horizons),Yellow small round mat,小型黃色圓地墊,きいろいラウンドマット・S,False,File:Yellow_Small_Round_Mat_NH_Icon.png,小型黃色圓地墊_Yellow_small_round_mat.png,https://dodo.ac/np/images/b/b6/Yellow_Small_Round_Mat_NH_Icon.png,128,128,8228,images/rugs/小型黃色圓地墊_Yellow_small_round_mat.webp,2.0 × 2.0,S,小型 (S),9547,RugRoundSimpleS,3,7334,27,204,Saharah; Saharah's Co-op,saharah,駱嵐,ローラン,Saharah,Yellow,Yellow,黃,イエロー,Yellow,1.0.0,1,No,Shaggy Round Rugs,5,0,20,0,1,20,19,65
Item:Red small round mat (New Horizons),Red small round mat,小型紅色圓地墊,あかいラウンドマット・S,False,File:Red_Small_Round_Mat_NH_Icon.png,小型紅色圓地墊_Red_small_round_mat.png,https://dodo.ac/np/images/0/06/Red_Small_Round_Mat_NH_Icon.png,128,128,7815,images/rugs/小型紅色圓地墊_Red_small_round_mat.webp,2.0 × 2.0,S,小型 (S),9548,RugRoundSimpleS,1,7334,25,135,Saharah; Saharah's Co-op,saharah,駱嵐,ローラン,Saharah,Red,Red,紅,レッド,Red,1.0.0,1,No,Shaggy Round Rugs,6,0,20,0,1,20,19,66
Item:Blue small round mat (New Horizons),Blue small round mat,小型藍色圓地墊,あおいラウンドマット・S,False,File:Blue_Small_Round_Mat_NH_Icon.png,小型藍色圓地墊_Blue_small_round_mat.png,https://dodo.ac/np/images/4/4f/Blue_Small_Round_Mat_NH_Icon.png,128,128,8246,images/rugs/小型藍色圓地墊_Blue_small_round_mat.webp,2.0 × 2.0,S,小型 (S),9549,RugRoundSimpleS,2,7334,26,19,Saharah; Saharah's Co-op,saharah,駱嵐,ローラン,Saharah,Blue,Blue,藍,ブルー,Blue,1.0.0,1,No,Shaggy Round Rugs,8,0,20,0,1,20,19,67
Item:Yellow stripes rug (New Horizons),Yellow stripes rug,黃色粗橫紋地毯,きいろボーダーのラグ,False,File:Yellow_Stripes_Rug_NH_Icon.png,黃色粗橫紋地毯_Yellow_stripes_rug.png,https://dodo.ac/np/images/0/0e/Yellow_Stripes_Rug_NH_Icon.png,128,128,9232,images/rugs/黃色粗橫紋地毯_Yellow_stripes_rug.webp,4.0 × 3.0,L,大型 (L),7351,RugRectBorderL,0,7351,77,206,Saharah; Saharah's Co-op,saharah,駱嵐,ローラン,Saharah,Yellow,White,黃 / 白,イエロー / ホワイト,Yellow / White,1.0.0,1,No,Slender Pattern Rugs,5,0,20,0,1,20,20,68
Item:Peach stripes rug (New Horizons),Peach stripes rug,桃紅色粗橫紋地毯,ももいろボーダーのラグ,False,File:Peach_Stripes_Rug_NH_Icon.png,桃紅色粗橫紋地毯_Peach_stripes_rug.png,https://dodo.ac/np/images/0/08/Peach_Stripes_Rug_NH_Icon.png,128,128,9185,images/rugs/桃紅色粗橫紋地毯_Peach_stripes_rug.webp,4.0 × 3.0,L,大型 (L),7532,RugRectBorderL,1,7351,78,112,Saharah; Saharah's Co-op,saharah,駱嵐,ローラン,Saharah,Pink,White,粉紅 / 白,ピンク / ホワイト,Pink / White,1.0.0,1,No,Slender Pattern Rugs,6,1,120,0,1,20,20,69
Item:Green stripes rug (New Horizons),Green stripes rug,綠色粗橫紋地毯,みどりボーダーのラグ,False,File:Green_Stripes_Rug_NH_Icon.png,綠色粗橫紋地毯_Green_stripes_rug.png,https://dodo.ac/np/images/c/c3/Green_Stripes_Rug_NH_Icon.png,128,128,9699,images/rugs/綠色粗橫紋地毯_Green_stripes_rug.webp,4.0 × 3.0,L,大型 (L),7534,RugRectBorderL,3,7351,80,67,Saharah; Saharah's Co-op,saharah,駱嵐,ローラン,Saharah,Green,White,綠 / 白,グリーン / ホワイト,Green / White,1.0.0,1,No,Slender Pattern Rugs,7,0,20,0,1,20,20,70
Item:Blue stripes rug (New Horizons),Blue stripes rug,藍色粗橫紋地毯,あおボーダーのラグ,False,File:Blue_Stripes_Rug_NH_Icon.png,藍色粗橫紋地毯_Blue_stripes_rug.png,https://dodo.ac/np/images/e/ef/Blue_Stripes_Rug_NH_Icon.png,128,128,9489,images/rugs/藍色粗橫紋地毯_Blue_stripes_rug.webp,4.0 × 3.0,L,大型 (L),7533,RugRectBorderL,2,7351,79,20,Saharah; Saharah's Co-op,saharah,駱嵐,ローラン,Saharah,Blue,White,藍 / 白,ブルー / ホワイト,Blue / White,1.0.0,1,No,Slender Pattern Rugs,8,0,20,0,1,20,20,71
Item:Yellow vinyl sheet (New Horizons),Yellow vinyl sheet,黃色塑膠墊,きいろいビニールシート,False,File:Yellow_Vinyl_Sheet_NH_Icon.png,黃色塑膠墊_Yellow_vinyl_sheet.png,https://dodo.ac/np/images/3/39/Yellow_Vinyl_Sheet_NH_Icon.png,128,128,9396,images/rugs/黃色塑膠墊_Yellow_vinyl_sheet.webp,3.0 × 2.0,M,中型 (M),7403,RugRectVinylM,3,7359,96,207,Saharah; Saharah's Co-op,saharah,駱嵐,ローラン,Saharah,Yellow,Colorful,黃 / 彩色,イエロー / カラフル,Yellow / Colorful,1.0.0,1,No,Slender Pattern Rugs,5,0,20,0,1,20,21,72
Item:Red vinyl sheet (New Horizons),Red vinyl sheet,紅色塑膠墊,あかいビニールシート,False,File:Red_Vinyl_Sheet_NH_Icon.png,紅色塑膠墊_Red_vinyl_sheet.png,https://dodo.ac/np/images/7/7d/Red_Vinyl_Sheet_NH_Icon.png,128,128,8869,images/rugs/紅色塑膠墊_Red_vinyl_sheet.webp,3.0 × 2.0,M,中型 (M),7405,RugRectVinylM,2,7359,95,136,Saharah; Saharah's Co-op,saharah,駱嵐,ローラン,Saharah,Red,Colorful,紅 / 彩色,レッド / カラフル,Red / Colorful,1.0.0,1,No,Slender Pattern Rugs,6,0,20,0,1,20,21,73
Item:Blue vinyl sheet (New Horizons),Blue vinyl sheet,藍色塑膠墊,あおいビニールシート,False,File:Blue_Vinyl_Sheet_NH_Icon.png,藍色塑膠墊_Blue_vinyl_sheet.png,https://dodo.ac/np/images/0/01/Blue_Vinyl_Sheet_NH_Icon.png,128,128,9954,images/rugs/藍色塑膠墊_Blue_vinyl_sheet.webp,3.0 × 2.0,M,中型 (M),7404,RugRectVinylM,1,7359,94,21,Saharah; Saharah's Co-op,saharah,駱嵐,ローラン,Saharah,Blue,Colorful,藍 / 彩色,ブルー / カラフル,Blue / Colorful,1.0.0,1,No,Slender Pattern Rugs,8,0,20,0,1,20,21,74
Item:Colorful vinyl sheet (New Horizons),Colorful vinyl sheet,彩色塑膠墊,カラフルなビニールシート,False,File:Colorful_Vinyl_Sheet_NH_Icon.png,彩色塑膠墊_Colorful_vinyl_sheet.png,https://dodo.ac/np/images/c/cf/Colorful_Vinyl_Sheet_NH_Icon.png,128,128,9070,images/rugs/彩色塑膠墊_Colorful_vinyl_sheet.webp,3.0 × 2.0,M,中型 (M),7359,RugRectVinylM,0,7359,93,37,Saharah; Saharah's Co-op,saharah,駱嵐,ローラン,Saharah,Colorful,Colorful,彩色,カラフル,Colorful,1.0.0,1,No,Slender Pattern Rugs,10,0,20,0,1,20,21,75
Item:Monochromatic wavy rug (New Horizons),Monochromatic wavy rug,灰階配色波浪地毯,モノクロウェーブのラグ,False,File:Monochromatic_Wavy_Rug_NH_Icon.png,灰階配色波浪地毯_Monochromatic_wavy_rug.png,https://dodo.ac/np/images/a/a1/Monochromatic_Wavy_Rug_NH_Icon.png,128,128,10289,images/rugs/灰階配色波浪地毯_Monochromatic_wavy_rug.webp,4.0 × 3.0,L,大型 (L),7456,RugRectWaveL,1,7350,74,97,Saharah; Saharah's Co-op,saharah,駱嵐,ローラン,Saharah,Black,White,黑 / 白,ブラック / ホワイト,Black / White,1.0.0,1,No,Slender Pattern Rugs,3,0,20,0,1,20,22,76
Item:Red wavy rug (New Horizons),Red wavy rug,紅色波浪地毯,あかいウェーブのラグ,False,File:Red_Wavy_Rug_NH_Icon.png,紅色波浪地毯_Red_wavy_rug.png,https://dodo.ac/np/images/f/fe/Red_Wavy_Rug_NH_Icon.png,128,128,9801,images/rugs/紅色波浪地毯_Red_wavy_rug.webp,4.0 × 3.0,L,大型 (L),7457,RugRectWaveL,3,7350,76,138,Saharah; Saharah's Co-op,saharah,駱嵐,ローラン,Saharah,Red,Yellow,紅 / 黃,レッド / イエロー,Red / Yellow,1.0.0,1,No,Slender Pattern Rugs,6,0,20,0,1,20,22,77
Item:Blue wavy rug (New Horizons),Blue wavy rug,藍色波浪地毯,あおいウェーブのラグ,False,File:Blue_Wavy_Rug_NH_Icon.png,藍色波浪地毯_Blue_wavy_rug.png,https://dodo.ac/np/images/b/b2/Blue_Wavy_Rug_NH_Icon.png,128,128,9754,images/rugs/藍色波浪地毯_Blue_wavy_rug.webp,4.0 × 3.0,L,大型 (L),7458,RugRectWaveL,2,7350,75,22,Saharah; Saharah's Co-op,saharah,駱嵐,ローラン,Saharah,Blue,Aqua,藍 / 水藍,ブルー / アクア,Blue / Aqua,1.0.0,1,No,Slender Pattern Rugs,8,0,20,0,1,20,22,78
Item:Modern wavy rug (New Horizons),Modern wavy rug,摩登波浪地毯,モダンなウェーブのラグ,False,File:Modern_Wavy_Rug_NH_Icon.png,摩登波浪地毯_Modern_wavy_rug.png,https://dodo.ac/np/images/2/2a/Modern_Wavy_Rug_NH_Icon.png,128,128,10542,images/rugs/摩登波浪地毯_Modern_wavy_rug.webp,4.0 × 3.0,L,大型 (L),7350,RugRectWaveL,0,7350,73,91,Saharah; Saharah's Co-op,saharah,駱嵐,ローラン,Saharah,Colorful,Colorful,彩色,カラフル,Colorful,1.0.0,1,No,Slender Pattern Rugs,10,0,20,0,1,20,22,79
Item:White wedding rug (New Horizons),White wedding rug,白色婚禮地毯,ウェディングなラグ・ホワイト,False,File:White_Wedding_Rug_NH_Icon.png,白色婚禮地毯_White_wedding_rug.png,https://dodo.ac/np/images/7/7f/White_Wedding_Rug_NH_Icon.png,128,128,8214,images/rugs/白色婚禮地毯_White_wedding_rug.webp,3.0 × 2.0,M,中型 (M),12464,RugRectJuneBrideM,3,12462,168,189,Cyrus,npc,活動/NPC,イベント/住民,Event / Special NPC,White,White,白,ホワイト,White,1.2.0,1,No,Slender Pattern Rugs,1,0,20,0,1,20,23,80
Item:Red wedding rug (New Horizons),Red wedding rug,紅色婚禮地毯,ウェディングなラグ・レッド,False,File:Red_Wedding_Rug_NH_Icon.png,紅色婚禮地毯_Red_wedding_rug.png,https://dodo.ac/np/images/a/ae/Red_Wedding_Rug_NH_Icon.png,128,128,9680,images/rugs/紅色婚禮地毯_Red_wedding_rug.webp,3.0 × 2.0,M,中型 (M),12465,RugRectJuneBrideM,2,12462,167,139,Cyrus,npc,活動/NPC,イベント/住民,Event / Special NPC,Red,Red,紅,レッド,Red,1.2.0,1,No,Slender Pattern Rugs,6,0,20,0,1,20,23,81
Item:Blue wedding rug (New Horizons),Blue wedding rug,藍色婚禮地毯,ウェディングなラグ・ブルー,False,File:Blue_Wedding_Rug_NH_Icon.png,藍色婚禮地毯_Blue_wedding_rug.png,https://dodo.ac/np/images/5/57/Blue_Wedding_Rug_NH_Icon.png,128,128,9500,images/rugs/藍色婚禮地毯_Blue_wedding_rug.webp,3.0 × 2.0,M,中型 (M),12462,RugRectJuneBrideM,0,12462,166,23,Cyrus,npc,活動/NPC,イベント/住民,Event / Special NPC,Aqua,Aqua,水藍,アクア,Aqua,1.2.0,1,No,Slender Pattern Rugs,8,0,20,0,1,20,23,82
Item:Botanical rug (New Horizons),Botanical rug,植物圖案地毯,ボタニカルなラグ,False,File:Botanical_Rug_NH_Icon.png,植物圖案地毯_Botanical_rug.png,https://dodo.ac/np/images/7/74/Botanical_Rug_NH_Icon.png,128,128,12043,images/rugs/植物圖案地毯_Botanical_rug.webp,4.0 × 3.0,L,大型 (L),7353,RugRectBotanicalL,0,7353,85,26,Saharah; Saharah's Co-op,saharah,駱嵐,ローラン,Saharah,Green,Green,綠,グリーン,Green,1.0.0,1,No,Slender Pattern Rugs,7,0,20,0,1,20,26,83
Item:Festive rug (New Horizons),Festive rug,聖誕節地毯,クリスマスなラグ,False,File:Festive_Rug_NH_Icon.png,聖誕節地毯_Festive_rug.png,https://dodo.ac/np/images/6/6f/Festive_Rug_NH_Icon.png,128,128,13936,images/rugs/聖誕節地毯_Festive_rug.webp,4.0 × 4.0,L,大型 (L),7544,RugSquareChristmasL,0,7544,116,50,Crafting,diy,DIY製作,DIYレシピ,Crafting,Brown,Colorful,棕 / 彩色,ブラウン / カラフル,Brown / Colorful,1.6.0,1,No,Pattern Rugs,2,0,20,0,1,20,50,84
Item:Yellow checked rug (New Horizons),Yellow checked rug,黃色格紋拼布地毯,きいろいチェックキルトのラグ,False,File:Yellow_Checked_Rug_NH_Icon.png,黃色格紋拼布地毯_Yellow_checked_rug.png,https://dodo.ac/np/images/5/50/Yellow_Checked_Rug_NH_Icon.png,128,128,13408,images/rugs/黃色格紋拼布地毯_Yellow_checked_rug.webp,4.0 × 4.0,L,大型 (L),7462,RugSquareCheckQuiltL,1,7343,59,196,Saharah; Saharah's Co-op,saharah,駱嵐,ローラン,Saharah,Yellow,Green,黃 / 綠,イエロー / グリーン,Yellow / Green,1.0.0,1,No,Pattern Rugs,5,0,20,0,1,20,60,85
Item:Red-and-blue checked rug (New Horizons),Red-and-blue checked rug,紅藍格紋拼布地毯,あかあおチェックキルトのラグ,False,File:Red-and-Blue_Checked_Rug_NH_Icon.png,紅藍格紋拼布地毯_Red-and-blue_checked_rug.png,https://dodo.ac/np/images/b/b9/Red-and-Blue_Checked_Rug_NH_Icon.png,128,128,13495,images/rugs/紅藍格紋拼布地毯_Red-and-blue_checked_rug.webp,4.0 × 4.0,L,大型 (L),7343,RugSquareCheckQuiltL,0,7343,58,140,Saharah; Saharah's Co-op,saharah,駱嵐,ローラン,Saharah,Red,Blue,紅 / 藍,レッド / ブルー,Red / Blue,1.0.0,1,No,Pattern Rugs,6,0,20,0,1,20,60,86
Item:Peach checked rug (New Horizons),Peach checked rug,桃紅色格紋拼布地毯,ももいろチェックキルトのラグ,False,File:Peach_Checked_Rug_NH_Icon.png,桃紅色格紋拼布地毯_Peach_checked_rug.png,https://dodo.ac/np/images/c/c4/Peach_Checked_Rug_NH_Icon.png,128,128,12035,images/rugs/桃紅色格紋拼布地毯_Peach_checked_rug.webp,4.0 × 4.0,L,大型 (L),7463,RugSquareCheckQuiltL,2,7343,60,110,Saharah; Saharah's Co-op,saharah,駱嵐,ローラン,Saharah,Pink,Aqua,粉紅 / 水藍,ピンク / アクア,Pink / Aqua,1.0.0,1,No,Pattern Rugs,6,1,120,0,1,20,60,87
Item:Green checked rug (New Horizons),Green checked rug,綠色格紋拼布地毯,みどりのチェックキルトのラグ,False,File:Green_Checked_Rug_NH_Icon.png,綠色格紋拼布地毯_Green_checked_rug.png,https://dodo.ac/np/images/7/70/Green_Checked_Rug_NH_Icon.png,128,128,13740,images/rugs/綠色格紋拼布地毯_Green_checked_rug.webp,4.0 × 4.0,L,大型 (L),7464,RugSquareCheckQuiltL,3,7343,61,60,Saharah; Saharah's Co-op,saharah,駱嵐,ローラン,Saharah,Green,Purple,綠 / 紫,グリーン / パープル,Green / Purple,1.0.0,1,No,Pattern Rugs,7,0,20,0,1,20,60,88
Item:Iron entrance mat (New Horizons),Iron entrance mat,鑄鐵玄關地墊,アイアンなげんかんマット,False,File:Iron_Entrance_Mat_NH_Icon.png,鑄鐵玄關地墊_Iron_entrance_mat.png,https://dodo.ac/np/images/c/cf/Iron_Entrance_Mat_NH_Icon.png,128,128,8917,images/rugs/鑄鐵玄關地墊_Iron_entrance_mat.webp,2.0 × 1.0,S,小型 (S),7337,RugRectIronmatS,0,7337,44,70,Saharah; Saharah's Co-op,saharah,駱嵐,ローラン,Saharah,Black,Black,黑,ブラック,Black,1.0.0,1,No,Slender Rugs,4,0,20,0,1,20,70,89
Item:Ivory simple bath mat (New Horizons),Ivory simple bath mat,象牙色簡約浴室地墊,アイボリーのシンプルバスマット,False,File:Ivory_Simple_Bath_Mat_NH_Icon.png,象牙色簡約浴室地墊_Ivory_simple_bath_mat.png,https://dodo.ac/np/images/f/fd/Ivory_Simple_Bath_Mat_NH_Icon.png,128,128,10045,images/rugs/象牙色簡約浴室地墊_Ivory_simple_bath_mat.webp,2.0 × 1.0,S,小型 (S),7333,RugRectBathmatS,0,7333,20,72,Saharah; Saharah's Co-op,saharah,駱嵐,ローラン,Saharah,Beige,Beige,米,ベージュ,Beige,1.0.0,1,No,Slender Rugs,2,0,20,0,1,20,72,90
Item:Simple pink bath mat (New Horizons),Simple pink bath mat,粉紅色簡約浴室地墊,ピンクのシンプルバスマット,False,File:Simple_Pink_Bath_Mat_NH_Icon.png,粉紅色簡約浴室地墊_Simple_pink_bath_mat.png,https://dodo.ac/np/images/6/62/Simple_Pink_Bath_Mat_NH_Icon.png,128,128,9810,images/rugs/粉紅色簡約浴室地墊_Simple_pink_bath_mat.webp,2.0 × 1.0,S,小型 (S),7517,RugRectBathmatS,2,7333,22,160,Saharah; Saharah's Co-op,saharah,駱嵐,ローラン,Saharah,Pink,Pink,粉紅,ピンク,Pink,1.0.0,1,No,Slender Rugs,6,0,20,0,1,20,72,91
Item:Simple green bath mat (New Horizons),Simple green bath mat,綠色簡約浴室地墊,グリーンのシンプルバスマット,False,File:Simple_Green_Bath_Mat_NH_Icon.png,綠色簡約浴室地墊_Simple_green_bath_mat.png,https://dodo.ac/np/images/4/4f/Simple_Green_Bath_Mat_NH_Icon.png,128,128,9243,images/rugs/綠色簡約浴室地墊_Simple_green_bath_mat.webp,2.0 × 1.0,S,小型 (S),7516,RugRectBathmatS,3,7333,23,151,Saharah; Saharah's Co-op,saharah,駱嵐,ローラン,Saharah,Green,Green,綠,グリーン,Green,1.0.0,1,No,Slender Rugs,7,0,20,0,1,20,72,92
Item:Simple navy bath mat (New Horizons),Simple navy bath mat,海軍藍簡約浴室地墊,ネイビーのシンプルバスマット,False,File:Simple_Navy_Bath_Mat_NH_Icon.png,海軍藍簡約浴室地墊_Simple_navy_bath_mat.png,https://dodo.ac/np/images/2/2d/Simple_Navy_Bath_Mat_NH_Icon.png,128,128,9730,images/rugs/海軍藍簡約浴室地墊_Simple_navy_bath_mat.webp,2.0 × 1.0,S,小型 (S),7518,RugRectBathmatS,1,7333,21,159,Saharah; Saharah's Co-op,saharah,駱嵐,ローラン,Saharah,Gray,Gray,灰,グレー,Gray,1.0.0,1,No,Slender Rugs,8,0,20,0,1,20,72,93
Item:Lacy rug (New Horizons),Lacy rug,蕾絲地毯,レースのラグ,False,File:Lacy_Rug_NH_Icon.png,蕾絲地毯_Lacy_rug.png,https://dodo.ac/np/images/8/89/Lacy_Rug_NH_Icon.png,128,128,8802,images/rugs/蕾絲地毯_Lacy_rug.webp,3.0 × 3.0,M,中型 (M),7368,RugRoundLaceM,0,7368,108,76,Saharah; Saharah's Co-op,saharah,駱嵐,ローラン,Saharah,Beige,White,米 / 白,ベージュ / ホワイト,Beige / White,1.0.0,1,No,Shaggy Round Rugs,1,0,20,0,1,20,76,94
Item:Nook Inc. botanical rug (New Horizons),Nook Inc. botanical rug,Nook Inc.植物圖案地毯,たぬきかいはつのボタニカルラグ,False,File:Nook_Inc._Botanical_Rug_NH_Icon.png,Nook_Inc.植物圖案地毯_Nook_Inc._botanical_rug.png,https://dodo.ac/np/images/5/5b/Nook_Inc._Botanical_Rug_NH_Icon.png,128,128,8723,images/rugs/Nook_Inc.植物圖案地毯_Nook_Inc._botanical_rug.webp,3.0 × 3.0,M,中型 (M),12325,RugOtherTanukiM,0,12325,144,105,Nook Miles Redemption,miles,哩數兌換,マイル交換,Nook Miles,Yellow,Green,黃 / 綠,イエロー / グリーン,Yellow / Green,1.1.0,1,No,Park Rugs,5,0,20,0,1,20,105,95
Item:Nook Inc. rug (New Horizons),Nook Inc. rug,Nook Inc.地毯,たぬきかいはつのラグ,False,File:Nook_Inc._Rug_NH_Icon.png,Nook_Inc.地毯_Nook_Inc._rug.png,https://dodo.ac/np/images/4/42/Nook_Inc._Rug_NH_Icon.png,128,128,7585,images/rugs/Nook_Inc.地毯_Nook_Inc._rug.webp,3.0 × 3.0,M,中型 (M),7364,RugOtherLeafM,0,7364,101,106,Nook Miles Redemption,miles,哩數兌換,マイル交換,Nook Miles,Green,Green,綠,グリーン,Green,1.0.0,1,No,Park Rugs,7,0,20,0,1,20,106,96
Item:Nook Inc. silk rug (New Horizons),Nook Inc. silk rug,Nook Inc.正方形地毯,たぬきかいはつのスクエアラグ,False,File:Nook_Inc._Silk_Rug_NH_Icon.png,Nook_Inc.正方形地毯_Nook_Inc._silk_rug.png,https://dodo.ac/np/images/c/c9/Nook_Inc._Silk_Rug_NH_Icon.png,128,128,10219,images/rugs/Nook_Inc.正方形地毯_Nook_Inc._silk_rug.webp,4.0 × 3.0,L,大型 (L),12396,RugRectTanukiL,0,12396,163,107,Nook Miles Redemption,miles,哩數兌換,マイル交換,Nook Miles,Green,Green,綠,グリーン,Green,1.1.0,1,No,Slender Pattern Rugs,7,0,20,0,1,20,107,97
Item:Oval entrance mat (New Horizons),Oval entrance mat,橢圓形玄關地毯,オーバルなげんかんマット,False,File:Oval_Entrance_Mat_NH_Icon.png,橢圓形玄關地毯_Oval_entrance_mat.png,https://dodo.ac/np/images/0/0c/Oval_Entrance_Mat_NH_Icon.png,128,128,9838,images/rugs/橢圓形玄關地毯_Oval_entrance_mat.webp,2.0 × 1.0,S,小型 (S),7370,RugOtherCountryS,0,7370,110,109,Saharah; Saharah's Co-op,saharah,駱嵐,ローラン,Saharah,Blue,Blue,藍,ブルー,Blue,1.0.0,1,No,Slender Rugs,8,0,20,0,1,20,109,98
Item:Pirate rug (New Horizons),Pirate rug,海盜地毯,かいぞくのラグ,False,File:Pirate_Rug_NH_Icon.png,海盜地毯_Pirate_rug.png,https://dodo.ac/np/images/a/a4/Pirate_Rug_NH_Icon.png,128,128,11278,images/rugs/海盜地毯_Pirate_rug.webp,3.0 × 2.0,M,中型 (M),12564,RugRectPiratesM,0,12564,171,117,Gullivarrr,npc,活動/NPC,イベント/住民,Event / Special NPC,Beige,Beige,米,ベージュ,Beige,1.3.0,1,No,Slender Pattern Rugs,2,0,20,0,1,20,117,99
Item:Red carpet (New Horizons),Red carpet,紅地毯,レッドカーペット,False,File:Red_Carpet_NH_Icon.png,紅地毯_Red_carpet.png,https://dodo.ac/np/images/7/73/Red_Carpet_NH_Icon.png,128,128,8432,images/rugs/紅地毯_Red_carpet.webp,3.0 × 2.0,M,中型 (M),7348,RugRectElegantM,0,7348,68,126,Saharah; Saharah's Co-op,saharah,駱嵐,ローラン,Saharah,Red,Red,紅,レッド,Red,1.0.0,1,No,Slender Rugs,6,0,20,0,1,20,126,100
Item:Rough rug (New Horizons),Rough rug,硬地墊,ハードマット,False,File:Rough_Rug_NH_Icon.png,硬地墊_Rough_rug.png,https://dodo.ac/np/images/b/ba/Rough_Rug_NH_Icon.png,128,128,10133,images/rugs/硬地墊_Rough_rug.webp,2.0 × 1.0,S,小型 (S),7324,RugRectDoormatS,0,7324,9,143,Saharah; Saharah's Co-op,saharah,駱嵐,ローラン,Saharah,Brown,Brown,棕,ブラウン,Brown,1.0.0,1,No,Slender Rugs,2,0,20,0,1,20,143,101
Item:Rubber mud mat (New Horizons),Rubber mud mat,塑膠刮泥墊,ゴムのどろふきマット,False,File:Rubber_Mud_Mat_NH_Icon.png,塑膠刮泥墊_Rubber_mud_mat.png,https://dodo.ac/np/images/4/4a/Rubber_Mud_Mat_NH_Icon.png,128,128,9693,images/rugs/塑膠刮泥墊_Rubber_mud_mat.webp,2.0 × 1.0,S,小型 (S),7339,RugRectRubberScraperS,0,7339,49,146,Saharah; Saharah's Co-op,saharah,駱嵐,ローラン,Saharah,Green,Green,綠,グリーン,Green,1.0.0,1,No,Slender Rugs,7,0,20,0,1,20,146,102
Item:Shell rug (New Horizons),Shell rug,貝殼地毯,かいがらのラグ,False,File:Shell_Rug_NH_Icon.png,貝殼地毯_Shell_rug.png,https://dodo.ac/np/images/3/31/Shell_Rug_NH_Icon.png,128,128,7363,images/rugs/貝殼地毯_Shell_rug.webp,3.0 × 3.0,M,中型 (M),7362,RugOtherShellM,0,7362,99,149,Crafting,diy,DIY製作,DIYレシピ,Crafting,Beige,Pink,米 / 粉紅,ベージュ / ピンク,Beige / Pink,1.0.0,1,No,Park Rugs,2,0,20,0,1,20,149,103
Item:Snowflake rug (New Horizons),Snowflake rug,雪花地毯,スノーフレークなラグ,False,File:Snowflake_Rug_NH_Icon.png,雪花地毯_Snowflake_rug.png,https://dodo.ac/np/images/e/ee/Snowflake_Rug_NH_Icon.png,128,128,9406,images/rugs/雪花地毯_Snowflake_rug.webp,3.0 × 3.0,M,中型 (M),7346,RugRoundSnowM,0,7346,63,171,Saharah; Saharah's Co-op,saharah,駱嵐,ローラン,Saharah,Aqua,White,水藍 / 白,アクア / ホワイト,Aqua / White,1.0.0,1,No,Shaggy Round Rugs,1,0,20,0,1,20,171,104
Item:Spooky rug (New Horizons),Spooky rug,萬聖節地毯,ハロウィンなラグ,False,File:Spooky_Rug_NH_Icon.png,萬聖節地毯_Spooky_rug.png,https://dodo.ac/np/images/f/fc/Spooky_Rug_NH_Icon.png,128,128,13157,images/rugs/萬聖節地毯_Spooky_rug.webp,4.0 × 4.0,L,大型 (L),7545,RugSquareHalloweenL,0,7545,117,172,All villagers,npc,活動/NPC,イベント/住民,Event / Special NPC,Orange,Purple,橘 / 紫,オレンジ / パープル,Orange / Purple,1.5.0,1,No,Pattern Rugs,5,0,20,0,1,20,172,105
Item:Summer-shell rug (New Horizons),Summer-shell rug,夏天貝殼地毯,なつのかいがらのラグ,False,File:Summer-Shell_Rug_NH_Icon.png,夏天貝殼地毯_Summer-shell_rug.png,https://dodo.ac/np/images/b/bc/Summer-Shell_Rug_NH_Icon.png,128,128,8783,images/rugs/夏天貝殼地毯_Summer-shell_rug.webp,3.0 × 3.0,M,中型 (M),12217,RugOtherShellSnailM,0,12217,133,175,Crafting,diy,DIY製作,DIYレシピ,Crafting,Aqua,Aqua,水藍,アクア,Aqua,1.6.0,1,No,Park Rugs,8,0,20,0,1,20,175,106
Item:Tatami mat (New Horizons),Tatami mat,一張榻榻米,いちじょうのたたみ,False,File:Tatami_Mat_NH_Icon.png,一張榻榻米_Tatami_mat.png,https://dodo.ac/np/images/e/e6/Tatami_Mat_NH_Icon.png,128,128,10172,images/rugs/一張榻榻米_Tatami_mat.webp,3.0 × 2.0,M,中型 (M),7369,RugRectTatamiM,0,7369,109,177,Saharah; Saharah's Co-op,saharah,駱嵐,ローラン,Saharah,Green,Yellow,綠 / 黃,グリーン / イエロー,Green / Yellow,1.0.0,1,No,Wood Rugs,2,0,20,0,1,20,177,107
Item:Tropical rug (New Horizons),Tropical rug,南方小島地毯,みなみのしまのラグ,False,File:Tropical_Rug_NH_Icon.png,南方小島地毯_Tropical_rug.png,https://dodo.ac/np/images/3/3d/Tropical_Rug_NH_Icon.png,128,128,9753,images/rugs/南方小島地毯_Tropical_rug.webp,3.0 × 3.0,M,中型 (M),7358,RugRoundIslandM,0,7358,92,179,Saharah; Saharah's Co-op,saharah,駱嵐,ローラン,Saharah,Green,Beige,綠 / 米,グリーン / ベージュ,Green / Beige,1.0.0,1,No,Park Rugs,2,0,20,0,1,20,179,108
Item:Turkey Day rug (New Horizons),Turkey Day rug,感恩節地毯,サンクスギビングなラグ,False,File:Turkey_Day_Rug_NH_Icon.png,感恩節地毯_Turkey_Day_rug.png,https://dodo.ac/np/images/0/06/Turkey_Day_Rug_NH_Icon.png,128,128,13278,images/rugs/感恩節地毯_Turkey_Day_rug.webp,4.0 × 4.0,L,大型 (L),13525,RugSquareHarvestL,0,13525,176,180,Franklin,npc,活動/NPC,イベント/住民,Event / Special NPC,Beige,Beige,米,ベージュ,Beige,1.6.0,1,No,Pattern Rugs,2,0,20,0,1,20,180,109
Item:Acorn rug (New Horizons),Acorn rug,橡栗地毯,どんぐりのラグ,False,File:Acorn_Rug_NH_Icon.png,橡栗地毯_Acorn_rug.png,https://dodo.ac/np/images/1/1e/Acorn_Rug_NH_Icon.png,128,128,9983,images/rugs/橡栗地毯_Acorn_rug.webp,3.0 × 3.0,M,中型 (M),12335,RugOtherAcornM,0,12335,149,1,Crafting,diy,DIY製作,DIYレシピ,Crafting,Brown,Beige,棕 / 米,ブラウン / ベージュ,Brown / Beige,2.0.0,2,No,Park Rugs,2,0,20,0,2,20,1,110
Item:White exercise mat (New Horizons),White exercise mat,白色體操墊,しろいたいそうマット,False,File:White_Exercise_Mat_NH_Icon.png,白色體操墊_White_exercise_mat.png,https://dodo.ac/np/images/9/9b/White_Exercise_Mat_NH_Icon.png,128,128,8300,images/rugs/白色體操墊_White_exercise_mat.webp,3.0 × 2.0,M,中型 (M),12386,RugRectMatM,0,12386,153,182,Saharah's Co-op,saharah,駱嵐,ローラン,Saharah,White,White,白,ホワイト,White,2.0.0,2,No,Slender Rugs,1,0,20,0,2,20,11,111
Item:Red exercise mat (New Horizons),Red exercise mat,紅色體操墊,あかいたいそうマット,False,File:Red_Exercise_Mat_NH_Icon.png,紅色體操墊_Red_exercise_mat.png,https://dodo.ac/np/images/6/6f/Red_Exercise_Mat_NH_Icon.png,128,128,8479,images/rugs/紅色體操墊_Red_exercise_mat.webp,3.0 × 2.0,M,中型 (M),12389,RugRectMatM,3,12386,156,128,Saharah's Co-op,saharah,駱嵐,ローラン,Saharah,Red,Red,紅,レッド,Red,2.0.0,2,No,Slender Rugs,6,0,20,0,2,20,11,112
Item:Green exercise mat (New Horizons),Green exercise mat,綠色體操墊,みどりのたいそうマット,False,File:Green_Exercise_Mat_NH_Icon.png,綠色體操墊_Green_exercise_mat.png,https://dodo.ac/np/images/f/f9/Green_Exercise_Mat_NH_Icon.png,128,128,8337,images/rugs/綠色體操墊_Green_exercise_mat.webp,3.0 × 2.0,M,中型 (M),12388,RugRectMatM,2,12386,155,61,Saharah's Co-op,saharah,駱嵐,ローラン,Saharah,Green,Green,綠,グリーン,Green,2.0.0,2,No,Slender Rugs,7,0,20,0,2,20,11,113
Item:Blue exercise mat (New Horizons),Blue exercise mat,藍色體操墊,あおいたいそうマット,False,File:Blue_Exercise_Mat_NH_Icon.png,藍色體操墊_Blue_exercise_mat.png,https://dodo.ac/np/images/2/21/Blue_Exercise_Mat_NH_Icon.png,128,128,8783,images/rugs/藍色體操墊_Blue_exercise_mat.webp,3.0 × 2.0,M,中型 (M),12387,RugRectMatM,1,12386,154,11,Saharah's Co-op,saharah,駱嵐,ローラン,Saharah,Blue,Blue,藍,ブルー,Blue,2.0.0,2,No,Slender Rugs,8,0,20,0,2,20,11,114
Item:Yellow Hawaiian quilt rug (New Horizons),Yellow Hawaiian quilt rug,黃色夏威夷拼布地毯,きいろいハワイアンキルトのラグ,False,File:Yellow_Hawaiian_Quilt_Rug_NH_Icon.png,黃色夏威夷拼布地毯_Yellow_Hawaiian_quilt_rug.png,https://dodo.ac/np/images/0/08/Yellow_Hawaiian_Quilt_Rug_NH_Icon.png,128,128,11603,images/rugs/黃色夏威夷拼布地毯_Yellow_Hawaiian_quilt_rug.webp,4.0 × 4.0,L,大型 (L),12394,RugSquareHawaiianL,1,12391,159,197,Saharah's Co-op,saharah,駱嵐,ローラン,Saharah,Yellow,White,黃 / 白,イエロー / ホワイト,Yellow / White,2.0.0,2,No,Pattern Rugs,5,0,20,0,2,20,12,115
Item:Pink Hawaiian quilt rug (New Horizons),Pink Hawaiian quilt rug,粉紅色夏威夷拼布地毯,ピンクのハワイアンキルトのラグ,False,File:Pink_Hawaiian_Quilt_Rug_NH_Icon.png,粉紅色夏威夷拼布地毯_Pink_Hawaiian_quilt_rug.png,https://dodo.ac/np/images/0/0a/Pink_Hawaiian_Quilt_Rug_NH_Icon.png,128,128,11605,images/rugs/粉紅色夏威夷拼布地毯_Pink_Hawaiian_quilt_rug.webp,4.0 × 4.0,L,大型 (L),12393,RugSquareHawaiianL,2,12391,160,114,Saharah's Co-op,saharah,駱嵐,ローラン,Saharah,Pink,White,粉紅 / 白,ピンク / ホワイト,Pink / White,2.0.0,2,No,Pattern Rugs,6,0,20,0,2,20,12,116
Item:Green Hawaiian quilt rug (New Horizons),Green Hawaiian quilt rug,綠色夏威夷拼布地毯,みどりのハワイアンキルトのラグ,False,File:Green_Hawaiian_Quilt_Rug_NH_Icon.png,綠色夏威夷拼布地毯_Green_Hawaiian_quilt_rug.png,https://dodo.ac/np/images/b/b0/Green_Hawaiian_Quilt_Rug_NH_Icon.png,128,128,11944,images/rugs/綠色夏威夷拼布地毯_Green_Hawaiian_quilt_rug.webp,4.0 × 4.0,L,大型 (L),12392,RugSquareHawaiianL,3,12391,161,63,Saharah's Co-op,saharah,駱嵐,ローラン,Saharah,Green,White,綠 / 白,グリーン / ホワイト,Green / White,2.0.0,2,No,Pattern Rugs,7,0,20,0,2,20,12,117
Item:Blue Hawaiian quilt rug (New Horizons),Blue Hawaiian quilt rug,藍色夏威夷拼布地毯,あおいハワイアンキルトのラグ,False,File:Blue_Hawaiian_Quilt_Rug_NH_Icon.png,藍色夏威夷拼布地毯_Blue_Hawaiian_quilt_rug.png,https://dodo.ac/np/images/6/60/Blue_Hawaiian_Quilt_Rug_NH_Icon.png,128,128,11664,images/rugs/藍色夏威夷拼布地毯_Blue_Hawaiian_quilt_rug.webp,4.0 × 4.0,L,大型 (L),12391,RugSquareHawaiianL,0,12391,158,12,Saharah's Co-op,saharah,駱嵐,ローラン,Saharah,Aqua,White,水藍 / 白,アクア / ホワイト,Aqua / White,2.0.0,2,No,Pattern Rugs,8,0,20,0,2,20,12,118
Item:Brown cow-print rug (New Horizons),Brown cow-print rug,棕色皮革地毯,ブラウンのぎゅうがわラグ,False,File:Brown_Cow-Print_Rug_NH_Icon.png,棕色皮革地毯_Brown_cow-print_rug.png,https://dodo.ac/np/images/f/f7/Brown_Cow-Print_Rug_NH_Icon.png,128,128,8178,images/rugs/棕色皮革地毯_Brown_cow-print_rug.webp,3.0 × 2.0,M,中型 (M),14191,RugOtherAnimalM,0,14191,206,28,Saharah's Co-op,saharah,駱嵐,ローラン,Saharah,Brown,White,棕 / 白,ブラウン / ホワイト,Brown / White,2.0.0,2,No,Slender Pattern Rugs,2,0,20,0,2,20,28,119
Item:Light-brown cow-print rug (New Horizons),Light-brown cow-print rug,淺棕色皮革地毯,ライトブラウンのぎゅうがわラグ,False,File:Light-Brown_Cow-Print_Rug_NH_Icon.png,淺棕色皮革地毯_Light-brown_cow-print_rug.png,https://dodo.ac/np/images/2/22/Light-Brown_Cow-Print_Rug_NH_Icon.png,128,128,8335,images/rugs/淺棕色皮革地毯_Light-brown_cow-print_rug.webp,3.0 × 2.0,M,中型 (M),14245,RugOtherAnimalM,1,14191,207,85,Saharah's Co-op,saharah,駱嵐,ローラン,Saharah,Brown,White,棕 / 白,ブラウン / ホワイト,Brown / White,2.0.0,2,No,Slender Pattern Rugs,2,0,20,0,2,20,28,120
Item:Coconut mat (New Horizons),Coconut mat,椰子地墊,ココナッツマット,False,File:Coconut_Mat_NH_Icon.png,椰子地墊_Coconut_mat.png,https://dodo.ac/np/images/a/ae/Coconut_Mat_NH_Icon.png,128,128,11506,images/rugs/椰子地墊_Coconut_mat.webp,2.0 × 1.0,S,小型 (S),13057,RugRectCoconutmatS,0,13057,173,36,Saharah's Co-op,saharah,駱嵐,ローラン,Saharah,Brown,Brown,棕,ブラウン,Brown,2.0.0,2,No,Slender Rugs,2,0,20,0,2,20,36,121
Item:White square tile (New Horizons),White square tile,白色地磚地毯,ホワイトのフローリングタイル,False,File:White_Square_Tile_NH_Icon.png,白色地磚地毯_White_square_tile.png,https://dodo.ac/np/images/2/2e/White_Square_Tile_NH_Icon.png,128,128,10964,images/rugs/白色地磚地毯_White_square_tile.webp,2.0 × 2.0,S,小型 (S),13595,RugSquareWoodS,1,13568,181,188,Saharah's Co-op,saharah,駱嵐,ローラン,Saharah,White,White,白,ホワイト,White,2.0.0,2,No,Wood Rugs,1,0,20,0,2,20,41,122
Item:Light square tile (New Horizons),Light square tile,淺色地磚地毯,ライトなフローリングタイル,False,File:Light_Square_Tile_NH_Icon.png,淺色地磚地毯_Light_square_tile.png,https://dodo.ac/np/images/8/80/Light_Square_Tile_NH_Icon.png,128,128,11798,images/rugs/淺色地磚地毯_Light_square_tile.webp,2.0 × 2.0,S,小型 (S),13568,RugSquareWoodS,0,13568,180,83,Saharah's Co-op,saharah,駱嵐,ローラン,Saharah,Beige,Beige,米,ベージュ,Beige,2.0.0,2,No,Wood Rugs,2,0,20,0,2,20,41,123
Item:Natural-wood square tile (New Horizons),Natural-wood square tile,自然色地磚地毯,ナチュラルなフローリングタイル,False,File:Natural-Wood_Square_Tile_NH_Icon.png,自然色地磚地毯_Natural-wood_square_tile.png,https://dodo.ac/np/images/f/fa/Natural-Wood_Square_Tile_NH_Icon.png,128,128,11912,images/rugs/自然色地磚地毯_Natural-wood_square_tile.webp,2.0 × 2.0,S,小型 (S),13593,RugSquareWoodS,2,13568,182,104,Saharah's Co-op,saharah,駱嵐,ローラン,Saharah,Brown,Brown,棕,ブラウン,Brown,2.0.0,2,No,Wood Rugs,2,0,20,0,2,20,41,124
Item:Dark square tile (New Horizons),Dark square tile,深色地磚地毯,ダークなフローリングタイル,False,File:Dark_Square_Tile_NH_Icon.png,深色地磚地毯_Dark_square_tile.png,https://dodo.ac/np/images/3/39/Dark_Square_Tile_NH_Icon.png,128,128,11374,images/rugs/深色地磚地毯_Dark_square_tile.webp,2.0 × 2.0,S,小型 (S),13592,RugSquareWoodS,3,13568,183,41,Saharah's Co-op,saharah,駱嵐,ローラン,Saharah,Black,Black,黑,ブラック,Black,2.0.0,2,No,Wood Rugs,4,0,20,0,2,20,41,125
Item:Light stones rug (New Horizons),Light stones rug,淺色石頭地毯,ライトストーンなラグ,False,File:Light_Stones_Rug_NH_Icon.png,淺色石頭地毯_Light_stones_rug.png,https://dodo.ac/np/images/5/59/Light_Stones_Rug_NH_Icon.png,128,128,12185,images/rugs/淺色石頭地毯_Light_stones_rug.webp,2.0 × 2.0,S,小型 (S),13567,RugSquareStoneS,0,13567,178,84,Saharah's Co-op,saharah,駱嵐,ローラン,Saharah,Gray,Gray,灰,グレー,Gray,2.0.0,2,No,Pattern Rugs,3,0,20,0,2,20,42,126
Item:Dark stones rug (New Horizons),Dark stones rug,深色石頭地毯,ダークストーンなラグ,False,File:Dark_Stones_Rug_NH_Icon.png,深色石頭地毯_Dark_stones_rug.png,https://dodo.ac/np/images/e/e2/Dark_Stones_Rug_NH_Icon.png,128,128,11602,images/rugs/深色石頭地毯_Dark_stones_rug.webp,2.0 × 2.0,S,小型 (S),13594,RugSquareStoneS,1,13567,179,42,Saharah's Co-op,saharah,駱嵐,ローラン,Saharah,Black,Black,黑,ブラック,Black,2.0.0,2,No,Pattern Rugs,4,0,20,0,2,20,42,127
Item:White-wood flooring sheet (New Horizons),White-wood flooring sheet,白木色地板鋪巾,ホワイトウッドなフロアシート,False,File:White-Wood_Flooring_Sheet_NH_Icon.png,白木色地板鋪巾_White-wood_flooring_sheet.png,https://dodo.ac/np/images/6/6c/White-Wood_Flooring_Sheet_NH_Icon.png,128,128,6707,images/rugs/白木色地板鋪巾_White-wood_flooring_sheet.webp,2.0 × 1.0,S,小型 (S),14038,RugRectDisplayStandS,3,13860,191,191,Saharah's Co-op,saharah,駱嵐,ローラン,Saharah,White,White,白,ホワイト,White,2.0.0,2,No,Wood Rugs,1,0,20,0,2,20,43,128
Item:Light-wood flooring sheet (New Horizons),Light-wood flooring sheet,淺木色地板鋪巾,ライトウッドなフロアシート,False,File:Light-Wood_Flooring_Sheet_NH_Icon.png,淺木色地板鋪巾_Light-wood_flooring_sheet.png,https://dodo.ac/np/images/f/f4/Light-Wood_Flooring_Sheet_NH_Icon.png,128,128,6489,images/rugs/淺木色地板鋪巾_Light-wood_flooring_sheet.webp,2.0 × 1.0,S,小型 (S),13860,RugRectDisplayStandS,0,13860,188,86,Saharah's Co-op,saharah,駱嵐,ローラン,Saharah,Beige,Beige,米,ベージュ,Beige,2.0.0,2,No,Wood Rugs,2,0,20,0,2,20,43,129
Item:Natural-wood flooring sheet (New Horizons),Natural-wood flooring sheet,自然木色地板鋪巾,ナチュラルウッドなフロアシート,False,File:Natural-Wood_Flooring_Sheet_NH_Icon.png,自然木色地板鋪巾_Natural-wood_flooring_sheet.png,https://dodo.ac/np/images/b/bc/Natural-Wood_Flooring_Sheet_NH_Icon.png,128,128,7039,images/rugs/自然木色地板鋪巾_Natural-wood_flooring_sheet.webp,2.0 × 1.0,S,小型 (S),14040,RugRectDisplayStandS,1,13860,189,102,Saharah's Co-op,saharah,駱嵐,ローラン,Saharah,Beige,Beige,米,ベージュ,Beige,2.0.0,2,No,Wood Rugs,2,0,20,0,2,20,43,130
Item:Dark-wood flooring sheet (New Horizons),Dark-wood flooring sheet,深木色地板鋪巾,ダークウッドなフロアシート,False,File:Dark-Wood_Flooring_Sheet_NH_Icon.png,深木色地板鋪巾_Dark-wood_flooring_sheet.png,https://dodo.ac/np/images/d/d4/Dark-Wood_Flooring_Sheet_NH_Icon.png,128,128,6958,images/rugs/深木色地板鋪巾_Dark-wood_flooring_sheet.webp,2.0 × 1.0,S,小型 (S),14039,RugRectDisplayStandS,2,13860,190,43,Saharah's Co-op,saharah,駱嵐,ローラン,Saharah,Brown,Brown,棕,ブラウン,Brown,2.0.0,2,No,Wood Rugs,2,0,20,0,2,20,43,131
Item:White-wood flooring tile (New Horizons),White-wood flooring tile,白木色地磚地墊,ホワイトウッドなフロアタイル,False,File:White-Wood_Flooring_Tile_NH_Icon.png,白木色地磚地墊_White-wood_flooring_tile.png,https://dodo.ac/np/images/9/9f/White-Wood_Flooring_Tile_NH_Icon.png,128,128,8616,images/rugs/白木色地磚地墊_White-wood_flooring_tile.webp,1.0 × 1.0,S,小型 (S),14035,RugSquareDisplayStandS,3,13861,195,192,Saharah's Co-op,saharah,駱嵐,ローラン,Saharah,White,White,白,ホワイト,White,2.0.0,2,No,Wood Rugs,1,0,20,0,2,20,44,132
Item:Light-wood flooring tile (New Horizons),Light-wood flooring tile,淺木色地磚地墊,ライトウッドなフロアタイル,False,File:Light-Wood_Flooring_Tile_NH_Icon.png,淺木色地磚地墊_Light-wood_flooring_tile.png,https://dodo.ac/np/images/1/1d/Light-Wood_Flooring_Tile_NH_Icon.png,128,128,8157,images/rugs/淺木色地磚地墊_Light-wood_flooring_tile.webp,1.0 × 1.0,S,小型 (S),13861,RugSquareDisplayStandS,0,13861,192,87,Saharah's Co-op,saharah,駱嵐,ローラン,Saharah,Beige,Beige,米,ベージュ,Beige,2.0.0,2,No,Wood Rugs,2,0,20,0,2,20,44,133
Item:Natural-wood flooring tile (New Horizons),Natural-wood flooring tile,自然木色地磚地墊,ナチュラルウッドなフロアタイル,False,File:Natural-Wood_Flooring_Tile_NH_Icon.png,自然木色地磚地墊_Natural-wood_flooring_tile.png,https://dodo.ac/np/images/d/d3/Natural-Wood_Flooring_Tile_NH_Icon.png,128,128,9609,images/rugs/自然木色地磚地墊_Natural-wood_flooring_tile.webp,1.0 × 1.0,S,小型 (S),14037,RugSquareDisplayStandS,1,13861,193,103,Saharah's Co-op,saharah,駱嵐,ローラン,Saharah,Beige,Beige,米,ベージュ,Beige,2.0.0,2,No,Wood Rugs,2,0,20,0,2,20,44,134
Item:Dark-wood flooring tile (New Horizons),Dark-wood flooring tile,深木色地磚地墊,ダークウッドなフロアタイル,False,File:Dark-Wood_Flooring_Tile_NH_Icon.png,深木色地磚地墊_Dark-wood_flooring_tile.png,https://dodo.ac/np/images/f/fc/Dark-Wood_Flooring_Tile_NH_Icon.png,128,128,8117,images/rugs/深木色地磚地墊_Dark-wood_flooring_tile.webp,1.0 × 1.0,S,小型 (S),14036,RugSquareDisplayStandS,2,13861,194,44,Saharah's Co-op,saharah,駱嵐,ローラン,Saharah,Brown,Brown,棕,ブラウン,Brown,2.0.0,2,No,Wood Rugs,2,0,20,0,2,20,44,135
Item:Elegant brown rug (New Horizons),Elegant brown rug,棕色優雅地毯,ブラウンのエレガントなラグ,False,File:Elegant_Brown_Rug_NH_Icon.png,棕色優雅地毯_Elegant_brown_rug.png,https://dodo.ac/np/images/b/bd/Elegant_Brown_Rug_NH_Icon.png,128,128,12752,images/rugs/棕色優雅地毯_Elegant_brown_rug.webp,4.0 × 4.0,L,大型 (L),14012,RugSquareElegantL,0,14012,202,49,Saharah's Co-op,saharah,駱嵐,ローラン,Saharah,Brown,Brown,棕,ブラウン,Brown,2.0.0,2,No,Pattern Rugs,2,0,20,0,2,20,46,136
Item:Elegant beige rug (New Horizons),Elegant beige rug,米色優雅地毯,ベージュのエレガントなラグ,False,File:Elegant_Beige_Rug_NH_Icon.png,米色優雅地毯_Elegant_beige_rug.png,https://dodo.ac/np/images/7/70/Elegant_Beige_Rug_NH_Icon.png,128,128,13109,images/rugs/米色優雅地毯_Elegant_beige_rug.webp,4.0 × 4.0,L,大型 (L),14144,RugSquareElegantL,1,14012,203,46,Saharah's Co-op,saharah,駱嵐,ローラン,Saharah,Beige,Beige,米,ベージュ,Beige,2.0.0,2,No,Pattern Rugs,2,0,20,0,2,20,46,137
Item:Elegant black rug (New Horizons),Elegant black rug,黑色優雅地毯,ブラックのエレガントなラグ,False,File:Elegant_Black_Rug_NH_Icon.png,黑色優雅地毯_Elegant_black_rug.png,https://dodo.ac/np/images/3/30/Elegant_Black_Rug_NH_Icon.png,128,128,12319,images/rugs/黑色優雅地毯_Elegant_black_rug.webp,4.0 × 4.0,L,大型 (L),14146,RugSquareElegantL,2,14012,204,47,Saharah's Co-op,saharah,駱嵐,ローラン,Saharah,Black,Black,黑,ブラック,Black,2.0.0,2,No,Pattern Rugs,4,0,20,0,2,20,46,138
Item:Elegant blue rug (New Horizons),Elegant blue rug,藍色優雅地毯,ブルーのエレガントなラグ,False,File:Elegant_Blue_Rug_NH_Icon.png,藍色優雅地毯_Elegant_blue_rug.png,https://dodo.ac/np/images/b/b8/Elegant_Blue_Rug_NH_Icon.png,128,128,12919,images/rugs/藍色優雅地毯_Elegant_blue_rug.webp,4.0 × 4.0,L,大型 (L),14145,RugSquareElegantL,3,14012,205,48,Saharah's Co-op,saharah,駱嵐,ローラン,Saharah,Blue,Aqua,藍 / 水藍,ブルー / アクア,Blue / Aqua,2.0.0,2,No,Pattern Rugs,8,0,20,0,2,20,46,139
Item:Frozen floor tiles (New Horizons),Frozen floor tiles,冰地磚地墊,こおりのフロアタイル,False,File:Frozen_Floor_Tiles_NH_Icon.png,冰地磚地墊_Frozen_floor_tiles.png,https://dodo.ac/np/images/e/ed/Frozen_Floor_Tiles_NH_Icon.png,128,128,13184,images/rugs/冰地磚地墊_Frozen_floor_tiles.webp,2.0 × 2.0,S,小型 (S),13572,RugSquareIceS,0,13572,186,55,Crafting,diy,DIY製作,DIYレシピ,Crafting,Aqua,Aqua,水藍,アクア,Aqua,2.0.0,2,No,Pattern Rugs,8,0,20,0,2,20,55,140
Item:Glowing-moss rug (New Horizons),Glowing-moss rug,光蘚地毯,ヒカリゴケのラグ,False,File:Glowing-Moss_Rug_NH_Icon.png,光蘚地毯_Glowing-moss_rug.png,https://dodo.ac/np/images/3/3d/Glowing-Moss_Rug_NH_Icon.png,128,128,9877,images/rugs/光蘚地毯_Glowing-moss_rug.webp,3.0 × 2.0,M,中型 (M),13877,RugRectGlowMossM,0,13877,198,56,Crafting,diy,DIY製作,DIYレシピ,Crafting,Green,Green,綠,グリーン,Green,2.0.0,2,No,Slender Pattern Rugs,7,0,20,0,2,20,56,141
Item:Gray brick rug (New Horizons),Gray brick rug,灰色磚塊地毯,グレーレンガなラグ,False,File:Gray_Brick_Rug_NH_Icon.png,灰色磚塊地毯_Gray_brick_rug.png,https://dodo.ac/np/images/e/ef/Gray_Brick_Rug_NH_Icon.png,128,128,12272,images/rugs/灰色磚塊地毯_Gray_brick_rug.webp,2.0 × 2.0,S,小型 (S),13597,RugSquareBrickS,1,13571,185,57,Saharah's Co-op,saharah,駱嵐,ローラン,Saharah,Gray,Gray,灰,グレー,Gray,2.0.0,2,No,Pattern Rugs,3,0,20,0,2,20,57,142
Item:Red brick rug (New Horizons),Red brick rug,紅色磚塊地毯,あかレンガなラグ,False,File:Red_Brick_Rug_NH_Icon.png,紅色磚塊地毯_Red_brick_rug.png,https://dodo.ac/np/images/4/43/Red_Brick_Rug_NH_Icon.png,128,128,12321,images/rugs/紅色磚塊地毯_Red_brick_rug.webp,2.0 × 2.0,S,小型 (S),13571,RugSquareBrickS,0,13571,184,125,Saharah's Co-op,saharah,駱嵐,ローラン,Saharah,Red,Brown,紅 / 棕,レッド / ブラウン,Red / Brown,2.0.0,2,No,Pattern Rugs,6,0,20,0,2,20,57,143
Item:Gray floor tiles (New Horizons),Gray floor tiles,灰色地磚地墊,グレーのフロアタイル,False,File:Gray_Floor_Tiles_NH_Icon.png,灰色地磚地墊_Gray_floor_tiles.png,https://dodo.ac/np/images/0/03/Gray_Floor_Tiles_NH_Icon.png,128,128,10691,images/rugs/灰色地磚地墊_Gray_floor_tiles.webp,2.0 × 2.0,S,小型 (S),13566,RugSquareTileS,0,13566,177,58,Saharah's Co-op,saharah,駱嵐,ローラン,Saharah,Black,Black,黑,ブラック,Black,2.0.0,2,No,Pattern Rugs,3,0,20,0,2,20,58,144
Item:Red exquisite rug (New Horizons),Red exquisite rug,紅色中式地墊,あかいチャイナなマット,False,File:Red_Exquisite_Rug_NH_Icon.png,紅色中式地墊_Red_exquisite_rug.png,https://dodo.ac/np/images/b/b7/Red_Exquisite_Rug_NH_Icon.png,128,128,8842,images/rugs/紅色中式地墊_Red_exquisite_rug.webp,2.0 × 1.0,S,小型 (S),12220,RugRectChinamatS,0,12220,135,129,Saharah's Co-op,saharah,駱嵐,ローラン,Saharah,Red,Red,紅,レッド,Red,2.0.0,2,No,Slender Pattern Rugs,6,0,20,0,2,20,62,145
Item:Green exquisite rug (New Horizons),Green exquisite rug,綠色中式地墊,みどりのチャイナなマット,False,File:Green_Exquisite_Rug_NH_Icon.png,綠色中式地墊_Green_exquisite_rug.png,https://dodo.ac/np/images/2/27/Green_Exquisite_Rug_NH_Icon.png,128,128,9129,images/rugs/綠色中式地墊_Green_exquisite_rug.webp,2.0 × 1.0,S,小型 (S),12221,RugRectChinamatS,1,12220,136,62,Saharah's Co-op,saharah,駱嵐,ローラン,Saharah,Green,Yellow,綠 / 黃,グリーン / イエロー,Green / Yellow,2.0.0,2,No,Slender Pattern Rugs,7,0,20,0,2,20,62,146
Item:Imperial rug (New Horizons),Imperial rug,中式地毯,ちゅうかなラグ,False,File:Imperial_Rug_NH_Icon.png,中式地毯_Imperial_rug.png,https://dodo.ac/np/images/1/18/Imperial_Rug_NH_Icon.png,128,128,10717,images/rugs/中式地毯_Imperial_rug.webp,4.0 × 4.0,L,大型 (L),12395,RugSquareChinaL,0,12395,162,69,Saharah's Co-op,saharah,駱嵐,ローラン,Saharah,Red,Red,紅,レッド,Red,2.0.0,2,No,Pattern Rugs,6,0,20,0,2,20,69,147
Item:Large Paradise Planning rug (New Horizons),Large Paradise Planning rug,巧美生活地毯,タクミライフのカーペット,False,File:Large_Paradise_Planning_Rug_NH_Icon.png,巧美生活地毯_Large_Paradise_Planning_rug.png,https://dodo.ac/np/images/9/9d/Large_Paradise_Planning_Rug_NH_Icon.png,128,128,13656,images/rugs/巧美生活地毯_Large_Paradise_Planning_rug.webp,4.0 × 4.0,L,大型 (L),14706,RugSquarePatternL,0,14706,208,79,Wardell,npc,活動/NPC,イベント/住民,Event / Special NPC,Red,Red,紅,レッド,Red,2.0.0,2,No,Pattern Rugs,6,0,20,0,2,20,79,148
Item:Round glowing-moss rug (New Horizons),Round glowing-moss rug,光蘚圓形地墊,ヒカリゴケのラウンドマット,False,File:Round_Glowing-Moss_Rug_NH_Icon.png,光蘚圓形地墊_Round_glowing-moss_rug.png,https://dodo.ac/np/images/a/a6/Round_Glowing-Moss_Rug_NH_Icon.png,128,128,9705,images/rugs/光蘚圓形地墊_Round_glowing-moss_rug.webp,2.0 × 2.0,S,小型 (S),13878,RugRoundGlowMossS,0,13878,199,144,Crafting,diy,DIY製作,DIYレシピ,Crafting,Green,Green,綠,グリーン,Green,2.0.0,2,No,Shaggy Round Rugs,7,0,20,0,2,20,144,149
Item:Round vine rug (New Horizons),Round vine rug,藤蔓圓形地墊,ツルのラウンドラグ,False,File:Round_Vine_Rug_NH_Icon.png,藤蔓圓形地墊_Round_vine_rug.png,https://dodo.ac/np/images/a/aa/Round_Vine_Rug_NH_Icon.png,128,128,10206,images/rugs/藤蔓圓形地墊_Round_vine_rug.webp,2.0 × 2.0,S,小型 (S),13906,RugRoundVineS,0,13906,201,145,Crafting,diy,DIY製作,DIYレシピ,Crafting,Green,Green,綠,グリーン,Green,2.0.0,2,No,Shaggy Round Rugs,7,0,20,0,2,20,145,150
Item:Simple entrance mat (New Horizons),Simple entrance mat,簡約玄關地墊,シンプルなげんかんマット,False,File:Simple_Entrance_Mat_NH_Icon.png,簡約玄關地墊_Simple_entrance_mat.png,https://dodo.ac/np/images/3/3f/Simple_Entrance_Mat_NH_Icon.png,128,128,7841,images/rugs/簡約玄關地墊_Simple_entrance_mat.webp,2.0 × 1.0,S,小型 (S),13058,RugRectEntranceS,0,13058,174,150,Saharah's Co-op,saharah,駱嵐,ローラン,Saharah,Black,Black,黑,ブラック,Black,2.0.0,2,No,Slender Rugs,4,0,20,0,2,20,150,151
Item:Small Paradise Planning mat (New Horizons),Small Paradise Planning mat,巧美生活小地墊,タクミライフのミニマット,False,File:Small_Paradise_Planning_Mat_NH_Icon.png,巧美生活小地墊_Small_Paradise_Planning_mat.png,https://dodo.ac/np/images/7/75/Small_Paradise_Planning_Mat_NH_Icon.png,128,128,9226,images/rugs/巧美生活小地墊_Small_Paradise_Planning_mat.webp,2.0 × 1.0,S,小型 (S),14707,RugRectPatternS,0,14707,209,170,Wardell,npc,活動/NPC,イベント/住民,Event / Special NPC,Red,Red,紅,レッド,Red,2.0.0,2,No,Slender Pattern Rugs,6,0,20,0,2,20,170,152
Item:Stage rug (New Horizons),Stage rug,舞臺地毯,ステージのラグ,False,File:Stage_Rug_NH_Icon.png,舞臺地毯_Stage_rug.png,https://dodo.ac/np/images/f/f1/Stage_Rug_NH_Icon.png,128,128,10716,images/rugs/舞臺地毯_Stage_rug.webp,3.0 × 3.0,M,中型 (M),12725,RugRoundStageM,0,12725,172,173,Saharah's Co-op,saharah,駱嵐,ローラン,Saharah,Colorful,Yellow,彩色 / 黃,カラフル / イエロー,Colorful / Yellow,2.0.0,2,No,Shaggy Round Rugs,5,0,20,0,2,20,173,153
Item:Tree-stump rug (New Horizons),Tree-stump rug,樹樁地毯,きりかぶのラグ,False,File:Tree-Stump_Rug_NH_Icon.png,樹樁地毯_Tree-stump_rug.png,https://dodo.ac/np/images/a/a8/Tree-Stump_Rug_NH_Icon.png,128,128,8810,images/rugs/樹樁地毯_Tree-stump_rug.webp,3.0 × 3.0,M,中型 (M),12379,RugOtherStumpM,0,12379,152,178,Crafting,diy,DIY製作,DIYレシピ,Crafting,Beige,Brown,米 / 棕,ベージュ / ブラウン,Beige / Brown,2.0.0,2,No,Park Rugs,2,0,20,0,2,20,178,154
Item:Yellow star rug (New Horizons),Yellow star rug,黃色星星地毯,きいろいおほしさまのラグ,False,File:Yellow_Star_Rug_NH_Icon.png,黃色星星地毯_Yellow_star_rug.png,https://dodo.ac/np/images/a/af/Yellow_Star_Rug_NH_Icon.png,128,128,5961,images/rugs/黃色星星地毯_Yellow_star_rug.webp,3.0 × 3.0,M,中型 (M),12222,RugOtherStarM,0,12222,137,205,Crafting,diy,DIY製作,DIYレシピ,Crafting,Yellow,Yellow,黃,イエロー,Yellow,2.0.0,2,No,Park Rugs,5,0,20,0,2,20,205,155
Item:Apple rug (New Horizons),Apple rug,蘋果地毯,リンゴのラグ,False,File:Apple_Rug_NH_Icon.png,蘋果地毯_Apple_rug.png,https://dodo.ac/np/images/6/6f/Apple_Rug_NH_Icon.png,128,128,8536,images/rugs/蘋果地毯_Apple_rug.webp,3.0 × 3.0,M,中型 (M),7327,RugOtherAppleM,0,7327,14,3,Crafting,diy,DIY製作,DIYレシピ,Crafting,Red,Red,紅,レッド,Red,1.0.0,1,No,Fruit Rugs,6,1,110,1,1,110,3,156
Item:Bunny Day rug (New Horizons),Bunny Day rug,復活節地毯,イースターなラグ,False,File:Bunny_Day_Rug_NH_Icon.png,復活節地毯_Bunny_Day_rug.png,https://dodo.ac/np/images/d/d2/Bunny_Day_Rug_NH_Icon.png,128,128,9797,images/rugs/復活節地毯_Bunny_Day_rug.webp,3.0 × 3.0,M,中型 (M),7546,RugOtherEasterM,0,7546,118,32,Crafting,diy,DIY製作,DIYレシピ,Crafting,Colorful,Colorful,彩色,カラフル,Colorful,1.1.0,1,No,Icon Rugs,10,1,110,1,1,110,32,157
Item:Cherry rug (New Horizons),Cherry rug,櫻桃地毯,さくらんぼのラグ,False,File:Cherry_Rug_NH_Icon.png,櫻桃地毯_Cherry_rug.png,https://dodo.ac/np/images/d/dd/Cherry_Rug_NH_Icon.png,128,128,7090,images/rugs/櫻桃地毯_Cherry_rug.webp,3.0 × 3.0,M,中型 (M),7328,RugOtherCherryM,0,7328,15,33,Crafting,diy,DIY製作,DIYレシピ,Crafting,Red,Red,紅,レッド,Red,1.0.0,1,No,Fruit Rugs,6,1,110,1,1,110,33,158
Item:Earth rug (New Horizons),Earth rug,地球地毯,ちきゅうのラグ,False,File:Earth_Rug_NH_Icon.png,地球地毯_Earth_rug.png,https://dodo.ac/np/images/b/bc/Earth_Rug_NH_Icon.png,128,128,10455,images/rugs/地球地毯_Earth_rug.webp,3.0 × 3.0,M,中型 (M),7357,RugRoundEarthM,0,7357,91,45,Saharah; Saharah's Co-op,saharah,駱嵐,ローラン,Saharah,Blue,White,藍 / 白,ブルー / ホワイト,Blue / White,1.0.0,1,No,Icon Rugs,1,1,110,1,1,110,45,159
Item:Fish rug (New Horizons),Fish rug,魚兒地毯,おサカナのラグ,False,File:Fish_Rug_NH_Icon.png,魚兒地毯_Fish_rug.png,https://dodo.ac/np/images/9/99/Fish_Rug_NH_Icon.png,128,128,7143,images/rugs/魚兒地毯_Fish_rug.webp,3.0 × 3.0,M,中型 (M),7361,RugOtherFishM,0,7361,98,51,C.J.,npc,活動/NPC,イベント/住民,Event / Special NPC,Aqua,Aqua,水藍,アクア,Aqua,1.0.0,1,No,Icon Rugs,8,1,110,1,1,110,51,160
Item:Fluffy rug (New Horizons),Fluffy rug,雲朵地毯,もくもくのラグ,False,File:Fluffy_Rug_NH_Icon.png,雲朵地毯_Fluffy_rug.png,https://dodo.ac/np/images/a/ab/Fluffy_Rug_NH_Icon.png,128,128,6450,images/rugs/雲朵地毯_Fluffy_rug.webp,3.0 × 3.0,M,中型 (M),7329,RugOtherCloudM,0,7329,16,52,Saharah; Saharah's Co-op,saharah,駱嵐,ローラン,Saharah,White,White,白,ホワイト,White,1.0.0,1,No,Icon Rugs,1,1,110,1,1,110,52,161
Item:Football rug (New Horizons),Football rug,美式足球地毯,アメフトのラグ,False,File:Football_Rug_NH_Icon.png,美式足球地毯_Football_rug.png,https://dodo.ac/np/images/1/16/Football_Rug_NH_Icon.png,128,128,12038,images/rugs/美式足球地毯_Football_rug.webp,3.0 × 3.0,M,中型 (M),13904,RugOtherFootballM,0,13904,200,53,Nook Shopping Seasonal,seasonal,季節限定,シーズン限定,Seasonal / Event,Brown,White,棕 / 白,ブラウン / ホワイト,Brown / White,1.7.0,1,No,Icon Rugs,1,1,110,1,1,110,53,162
Item:Ladybug rug (New Horizons),Ladybug rug,瓢蟲地毯,テントウムシのラグ,False,File:Ladybug_Rug_NH_Icon.png,瓢蟲地毯_Ladybug_rug.png,https://dodo.ac/np/images/2/27/Ladybug_Rug_NH_Icon.png,128,128,8781,images/rugs/瓢蟲地毯_Ladybug_rug.webp,3.0 × 3.0,M,中型 (M),7360,RugRoundLadybirdM,0,7360,97,77,Flick,npc,活動/NPC,イベント/住民,Event / Special NPC,Red,Black,紅 / 黑,レッド / ブラック,Red / Black,1.0.0,1,No,Icon Rugs,4,1,110,1,1,110,77,163
Item:Lakitu's Cloud rug (New Horizons),Lakitu's Cloud rug,球蓋姆的雲地毯,ジュゲムのくものラグ,False,File:Lakitu's_Cloud_Rug_NH_Icon.png,球蓋姆的雲地毯_Lakitu's_Cloud_rug.png,https://dodo.ac/np/images/0/05/Lakitu%27s_Cloud_Rug_NH_Icon.png,128,128,6235,images/rugs/球蓋姆的雲地毯_Lakitu's_Cloud_rug.webp,3.0 × 3.0,M,中型 (M),13873,RugOtherMarioBM,0,13873,197,78,Nook Shopping Promotion,promo,聯名合作,コラボ商品,Promotion / Collab,White,White,白,ホワイト,White,1.8.0,1,No,Icon Rugs,1,1,110,1,1,110,78,164
Item:Mermaid rug (New Horizons),Mermaid rug,人魚地毯,マーメイドなラグ,False,File:Mermaid_Rug_NH_Icon.png,人魚地毯_Mermaid_rug.png,https://dodo.ac/np/images/5/5a/Mermaid_Rug_NH_Icon.png,128,128,6400,images/rugs/人魚地毯_Mermaid_rug.webp,3.0 × 3.0,M,中型 (M),12563,RugOtherMermaidM,0,12563,170,90,Crafting,diy,DIY製作,DIYレシピ,Crafting,Aqua,Pink,水藍 / 粉紅,アクア / ピンク,Aqua / Pink,1.3.0,1,No,Icon Rugs,6,1,110,1,1,110,90,165
Item:Mush rug (New Horizons),Mush rug,蘑菇地毯,キノコのラグ,False,File:Mush_Rug_NH_Icon.png,蘑菇地毯_Mush_rug.png,https://dodo.ac/np/images/5/58/Mush_Rug_NH_Icon.png,128,128,8460,images/rugs/蘑菇地毯_Mush_rug.webp,3.0 × 3.0,M,中型 (M),7363,RugOtherMushM,0,7363,100,99,Saharah; Saharah's Co-op,saharah,駱嵐,ローラン,Saharah,Red,Red,紅,レッド,Red,1.0.0,1,No,Icon Rugs,6,1,110,1,1,110,99,166
Item:Orange rug (New Horizons),Orange rug,橘子地毯,オレンジのラグ,False,File:Orange_Rug_NH_Icon.png,橘子地毯_Orange_rug.png,https://dodo.ac/np/images/1/1d/Orange_Rug_NH_Icon.png,128,128,9771,images/rugs/橘子地毯_Orange_rug.webp,3.0 × 3.0,M,中型 (M),7330,RugOtherOrangeM,0,7330,17,108,Crafting,diy,DIY製作,DIYレシピ,Crafting,Orange,Orange,橘,オレンジ,Orange,1.0.0,1,No,Fruit Rugs,5,1,110,1,1,110,108,167
Item:Peach rug (New Horizons),Peach rug,桃子地毯,モモのラグ,False,File:Peach_Rug_NH_Icon.png,桃子地毯_Peach_rug.png,https://dodo.ac/np/images/8/80/Peach_Rug_NH_Icon.png,128,128,8956,images/rugs/桃子地毯_Peach_rug.webp,3.0 × 3.0,M,中型 (M),7331,RugOtherPeachM,0,7331,18,111,Crafting,diy,DIY製作,DIYレシピ,Crafting,Pink,Pink,粉紅,ピンク,Pink,1.0.0,1,No,Fruit Rugs,6,1,110,1,1,110,111,168
Item:Pear rug (New Horizons),Pear rug,梨子地毯,ナシのラグ,False,File:Pear_Rug_NH_Icon.png,梨子地毯_Pear_rug.png,https://dodo.ac/np/images/9/95/Pear_Rug_NH_Icon.png,128,128,9643,images/rugs/梨子地毯_Pear_rug.webp,3.0 × 3.0,M,中型 (M),7332,RugOtherPearM,0,7332,19,113,Crafting,diy,DIY製作,DIYレシピ,Crafting,Green,Green,綠,グリーン,Green,1.0.0,1,No,Fruit Rugs,7,1,110,1,1,110,113,169
Item:White heart rug (New Horizons),White heart rug,白色愛心地毯,ホワイトハートのラグ,False,File:White_Heart_Rug_NH_Icon.png,白色愛心地毯_White_heart_rug.png,https://dodo.ac/np/images/7/7f/White_Heart_Rug_NH_Icon.png,128,128,7089,images/rugs/白色愛心地毯_White_heart_rug.webp,3.0 × 3.0,M,中型 (M),7578,RugOtherHeartM,3,7322,4,183,Saharah; Saharah's Co-op,saharah,駱嵐,ローラン,Saharah,White,White,白,ホワイト,White,1.0.0,1,No,Heart Rugs,1,1,110,1,1,110,115,170
Item:Pink heart rug (New Horizons),Pink heart rug,粉紅色愛心地毯,ピンクハートのラグ,False,File:Pink_Heart_Rug_NH_Icon.png,粉紅色愛心地毯_Pink_heart_rug.png,https://dodo.ac/np/images/5/59/Pink_Heart_Rug_NH_Icon.png,128,128,7474,images/rugs/粉紅色愛心地毯_Pink_heart_rug.webp,3.0 × 3.0,M,中型 (M),7322,RugOtherHeartM,0,7322,1,115,Saharah; Saharah's Co-op,saharah,駱嵐,ローラン,Saharah,Pink,Pink,粉紅,ピンク,Pink,1.0.0,1,No,Heart Rugs,6,1,110,1,1,110,115,171
Item:Turquoise heart rug (New Horizons),Turquoise heart rug,藍色愛心地毯,ブルーハートのラグ,False,File:Turquoise_Heart_Rug_NH_Icon.png,藍色愛心地毯_Turquoise_heart_rug.png,https://dodo.ac/np/images/2/2d/Turquoise_Heart_Rug_NH_Icon.png,128,128,8607,images/rugs/藍色愛心地毯_Turquoise_heart_rug.webp,3.0 × 3.0,M,中型 (M),7579,RugOtherHeartM,1,7322,2,181,Saharah; Saharah's Co-op,saharah,駱嵐,ローラン,Saharah,Aqua,Aqua,水藍,アクア,Aqua,1.0.0,1,No,Heart Rugs,8,1,110,1,1,110,115,172
Item:Purple heart rug (New Horizons),Purple heart rug,紫色愛心地毯,パープルハートのラグ,False,File:Purple_Heart_Rug_NH_Icon.png,紫色愛心地毯_Purple_heart_rug.png,https://dodo.ac/np/images/8/8d/Purple_Heart_Rug_NH_Icon.png,128,128,6789,images/rugs/紫色愛心地毯_Purple_heart_rug.webp,3.0 × 3.0,M,中型 (M),7580,RugOtherHeartM,2,7322,3,119,Saharah; Saharah's Co-op,saharah,駱嵐,ローラン,Saharah,Purple,Pink,紫 / 粉紅,パープル / ピンク,Purple / Pink,1.0.0,1,No,Heart Rugs,9,1,110,1,1,110,115,173
Item:White rose rug (New Horizons),White rose rug,白色玫瑰地毯,ホワイトローズのラグ,False,File:White_Rose_Rug_NH_Icon.png,白色玫瑰地毯_White_rose_rug.png,https://dodo.ac/np/images/5/5c/White_Rose_Rug_NH_Icon.png,128,128,9013,images/rugs/白色玫瑰地毯_White_rose_rug.webp,3.0 × 3.0,M,中型 (M),8757,RugOtherRoseM,3,7365,105,185,Saharah; Saharah's Co-op,saharah,駱嵐,ローラン,Saharah,White,White,白,ホワイト,White,1.0.0,1,No,Rose Rug,1,1,110,1,1,110,116,174
Item:Yellow rose rug (New Horizons),Yellow rose rug,黃色玫瑰地毯,イエローローズのラグ,False,File:Yellow_Rose_Rug_NH_Icon.png,黃色玫瑰地毯_Yellow_rose_rug.png,https://dodo.ac/np/images/2/2b/Yellow_Rose_Rug_NH_Icon.png,128,128,9482,images/rugs/黃色玫瑰地毯_Yellow_rose_rug.webp,3.0 × 3.0,M,中型 (M),8759,RugOtherRoseM,2,7365,104,203,Saharah; Saharah's Co-op,saharah,駱嵐,ローラン,Saharah,Yellow,Yellow,黃,イエロー,Yellow,1.0.0,1,No,Rose Rug,5,1,110,1,1,110,116,175
Item:Pink rose rug (New Horizons),Pink rose rug,粉紅色玫瑰地毯,ピンクローズのラグ,False,File:Pink_Rose_Rug_NH_Icon.png,粉紅色玫瑰地毯_Pink_rose_rug.png,https://dodo.ac/np/images/c/c7/Pink_Rose_Rug_NH_Icon.png,128,128,9261,images/rugs/粉紅色玫瑰地毯_Pink_rose_rug.webp,3.0 × 3.0,M,中型 (M),7365,RugOtherRoseM,0,7365,102,116,Saharah; Saharah's Co-op,saharah,駱嵐,ローラン,Saharah,Pink,Pink,粉紅,ピンク,Pink,1.0.0,1,No,Rose Rug,6,1,110,1,1,110,116,176
Item:Red rose rug (New Horizons),Red rose rug,紅色玫瑰地毯,レッドローズのラグ,False,File:Red_Rose_Rug_NH_Icon.png,紅色玫瑰地毯_Red_rose_rug.png,https://dodo.ac/np/images/7/7e/Red_Rose_Rug_NH_Icon.png,128,128,8855,images/rugs/紅色玫瑰地毯_Red_rose_rug.webp,3.0 × 3.0,M,中型 (M),8758,RugOtherRoseM,1,7365,103,134,Saharah; Saharah's Co-op,saharah,駱嵐,ローラン,Saharah,Red,Red,紅,レッド,Red,1.0.0,1,No,Rose Rug,6,1,110,1,1,110,116,177
Item:Shamrock rug (New Horizons),Shamrock rug,三葉草地毯,シャムロックのラグ,False,File:Shamrock_Rug_NH_Icon.png,三葉草地毯_Shamrock_rug.png,https://dodo.ac/np/images/9/94/Shamrock_Rug_NH_Icon.png,128,128,8278,images/rugs/三葉草地毯_Shamrock_rug.webp,3.0 × 3.0,M,中型 (M),7547,RugOtherShamrockM,0,7547,119,147,Nook Shopping Seasonal,seasonal,季節限定,シーズン限定,Seasonal / Event,Green,Green,綠,グリーン,Green,1.8.0,1,No,Icon Rugs,7,1,110,1,1,110,147,178
Item:Sunflower rug (New Horizons),Sunflower rug,向日葵地毯,ひまわりのラグ,False,File:Sunflower_Rug_NH_Icon.png,向日葵地毯_Sunflower_rug.png,https://dodo.ac/np/images/7/7f/Sunflower_Rug_NH_Icon.png,128,128,8838,images/rugs/向日葵地毯_Sunflower_rug.webp,3.0 × 3.0,M,中型 (M),13596,RugOtherSunflowerM,0,13596,187,176,Nook Shopping Seasonal,seasonal,季節限定,シーズン限定,Seasonal / Event,Yellow,Brown,黃 / 棕,イエロー / ブラウン,Yellow / Brown,1.6.0,1,No,Icon Rugs,2,1,110,1,1,110,176,179
Item:Yoshi's Egg rug (New Horizons),Yoshi's Egg rug,耀西蛋地毯,ヨッシーのタマゴのラグ,False,File:Yoshi's_Egg_Rug_NH_Icon.png,耀西蛋地毯_Yoshi's_Egg_rug.png,https://dodo.ac/np/images/d/d5/Yoshi%27s_Egg_Rug_NH_Icon.png,128,128,8527,images/rugs/耀西蛋地毯_Yoshi's_Egg_rug.webp,3.0 × 3.0,M,中型 (M),13872,RugOtherMarioAM,0,13872,196,210,Nook Shopping Promotion,promo,聯名合作,コラボ商品,Promotion / Collab,Green,White,綠 / 白,グリーン / ホワイト,Green / White,1.8.0,1,No,Icon Rugs,1,1,110,1,1,110,210,180
Item:White message mat (New Horizons),White message mat,白色訊息地墊,しろいメッセージマット,False,File:White_Message_Mat_NH_Icon.png,白色訊息地墊_White_message_mat.png,https://dodo.ac/np/images/a/a0/White_Message_Mat_NH_Icon.png,128,128,8048,images/rugs/白色訊息地墊_White_message_mat.webp,2.0 × 1.0,S,小型 (S),7338,RugOtherMessageS,0,7338,45,184,Saharah; Saharah's Co-op,saharah,駱嵐,ローラン,Saharah,White,White,白,ホワイト,White,1.0.0,1,No,Message Mats,1,1,120,1,1,120,16,181
Item:Yellow message mat (New Horizons),Yellow message mat,黃色訊息地墊,きいろいメッセージマット,False,File:Yellow_Message_Mat_NH_Icon.png,黃色訊息地墊_Yellow_message_mat.png,https://dodo.ac/np/images/a/a5/Yellow_Message_Mat_NH_Icon.png,128,128,7589,images/rugs/黃色訊息地墊_Yellow_message_mat.webp,2.0 × 1.0,S,小型 (S),9311,RugOtherMessageS,2,7338,47,201,Saharah; Saharah's Co-op,saharah,駱嵐,ローラン,Saharah,Yellow,Yellow,黃,イエロー,Yellow,1.0.0,1,No,Message Mats,5,1,120,1,1,120,16,182
Item:Red message mat (New Horizons),Red message mat,紅色訊息地墊,あかいメッセージマット,False,File:Red_Message_Mat_NH_Icon.png,紅色訊息地墊_Red_message_mat.png,https://dodo.ac/np/images/0/04/Red_Message_Mat_NH_Icon.png,128,128,7783,images/rugs/紅色訊息地墊_Red_message_mat.webp,2.0 × 1.0,S,小型 (S),9312,RugOtherMessageS,3,7338,48,132,Saharah; Saharah's Co-op,saharah,駱嵐,ローラン,Saharah,Red,Red,紅,レッド,Red,1.0.0,1,No,Message Mats,6,1,120,1,1,120,16,183
Item:Blue message mat (New Horizons),Blue message mat,藍色訊息地墊,あおいメッセージマット,False,File:Blue_Message_Mat_NH_Icon.png,藍色訊息地墊_Blue_message_mat.png,https://dodo.ac/np/images/b/b0/Blue_Message_Mat_NH_Icon.png,128,128,8193,images/rugs/藍色訊息地墊_Blue_message_mat.webp,2.0 × 1.0,S,小型 (S),9310,RugOtherMessageS,1,7338,46,16,Saharah; Saharah's Co-op,saharah,駱嵐,ローラン,Saharah,Blue,Blue,藍,ブルー,Blue,1.0.0,1,No,Message Mats,8,1,120,1,1,120,16,184
Item:Light bamboo rug (New Horizons),Light bamboo rug,淺色竹地毯,ライトなバンブーラグ,False,File:Light_Bamboo_Rug_NH_Icon.png,淺色竹地毯_Light_bamboo_rug.png,https://dodo.ac/np/images/c/c5/Light_Bamboo_Rug_NH_Icon.png,128,128,11367,images/rugs/淺色竹地毯_Light_bamboo_rug.webp,3.0 × 2.0,M,中型 (M),11113,RugRectBambooM,0,11113,128,82,Crafting,diy,DIY製作,DIYレシピ,Crafting,Beige,Brown,米 / 棕,ベージュ / ブラウン,Beige / Brown,1.0.0,1,No,Wood Rugs,2,1,120,1,1,120,40,185
Item:Dark bamboo rug (New Horizons),Dark bamboo rug,深色竹地毯,ダークなバンブーラグ,False,File:Dark_Bamboo_Rug_NH_Icon.png,深色竹地毯_Dark_bamboo_rug.png,https://dodo.ac/np/images/7/70/Dark_Bamboo_Rug_NH_Icon.png,128,128,11065,images/rugs/深色竹地毯_Dark_bamboo_rug.webp,3.0 × 2.0,M,中型 (M),11114,RugRectBambooM,1,11113,129,40,Crafting,diy,DIY製作,DIYレシピ,Crafting,Brown,Brown,棕,ブラウン,Brown,1.0.0,1,No,Wood Rugs,2,1,120,1,1,120,40,186
Item:Fossil rug (New Horizons),Fossil rug,化石地毯,かせきのラグ,False,File:Fossil_Rug_NH_Icon.png,化石地毯_Fossil_rug.png,https://dodo.ac/np/images/8/80/Fossil_Rug_NH_Icon.png,128,128,8076,images/rugs/化石地毯_Fossil_rug.webp,3.0 × 3.0,M,中型 (M),7366,RugOtherFossilM,0,7366,106,54,Saharah; Saharah's Co-op,saharah,駱嵐,ローラン,Saharah,Purple,White,紫 / 白,パープル / ホワイト,Purple / White,1.0.0,1,No,Park Rugs,1,1,120,1,1,120,54,187
Item:Magic-circle rug (New Horizons),Magic-circle rug,魔法陣地毯,まほうじんのラグ,False,File:Magic-Circle_Rug_NH_Icon.png,魔法陣地毯_Magic-circle_rug.png,https://dodo.ac/np/images/d/d4/Magic-Circle_Rug_NH_Icon.png,128,128,11121,images/rugs/魔法陣地毯_Magic-circle_rug.webp,3.0 × 3.0,M,中型 (M),7367,RugRoundMagicM,0,7367,107,88,Saharah; Saharah's Co-op,saharah,駱嵐,ローラン,Saharah,Purple,Purple,紫,パープル,Purple,1.0.0,1,No,Shaggy Round Rugs,9,1,120,1,1,120,88,188
Item:Moon rug (New Horizons),Moon rug,月之地毯,つきのラグ,False,File:Moon_Rug_NH_Icon.png,月之地毯_Moon_rug.png,https://dodo.ac/np/images/1/1e/Moon_Rug_NH_Icon.png,128,128,10757,images/rugs/月之地毯_Moon_rug.webp,3.0 × 3.0,M,中型 (M),13287,RugRoundMoonM,0,13287,175,98,Nook Shopping Seasonal,seasonal,季節限定,シーズン限定,Seasonal / Event,Yellow,Yellow,黃,イエロー,Yellow,1.4.0,1,No,Shaggy Round Rugs,5,1,120,1,1,120,98,189
Item:Cinnamoroll rug (New Horizons),Cinnamoroll rug,Cinnamoroll地毯,シナモロールなラグ,False,File:Cinnamoroll_Rug_NH_Icon.png,Cinnamoroll地毯_Cinnamoroll_rug.png,https://dodo.ac/np/images/7/78/Cinnamoroll_Rug_NH_Icon.png,128,128,6174,images/rugs/Cinnamoroll地毯_Cinnamoroll_rug.webp,3.0 × 3.0,M,中型 (M),12288,RugOtherCinnamonM,0,12288,138,35,Nook Shopping Promotion,promo,聯名合作,コラボ商品,Promotion / Collab,White,Aqua,白 / 水藍,ホワイト / アクア,White / Aqua,1.9.0,1,No,Sanrio Rugs,1,1,130,1,1,130,35,190
Item:Hello Kitty rug (New Horizons),Hello Kitty rug,Hello Kitty地毯,ハローキティなラグ,False,File:Hello_Kitty_Rug_NH_Icon.png,Hello_Kitty地毯_Hello_Kitty_rug.png,https://dodo.ac/np/images/6/6e/Hello_Kitty_Rug_NH_Icon.png,128,128,8984,images/rugs/Hello_Kitty地毯_Hello_Kitty_rug.webp,3.0 × 3.0,M,中型 (M),12291,RugOtherKittyM,0,12291,141,68,Nook Shopping Promotion,promo,聯名合作,コラボ商品,Promotion / Collab,White,Red,白 / 紅,ホワイト / レッド,White / Red,1.9.0,1,No,Sanrio Rugs,1,1,130,1,1,130,68,191
Item:Kerokerokeroppi rug (New Horizons),Kerokerokeroppi rug,Kerokerokeroppi地毯,けろけろけろっぴなラグ,False,File:Kerokerokeroppi_Rug_NH_Icon.png,Kerokerokeroppi地毯_Kerokerokeroppi_rug.png,https://dodo.ac/np/images/8/8e/Kerokerokeroppi_Rug_NH_Icon.png,128,128,10071,images/rugs/Kerokerokeroppi地毯_Kerokerokeroppi_rug.webp,3.0 × 3.0,M,中型 (M),12289,RugRoundKeroppiM,0,12289,139,74,Nook Shopping Promotion,promo,聯名合作,コラボ商品,Promotion / Collab,Green,Beige,綠 / 米,グリーン / ベージュ,Green / Beige,1.9.0,1,No,Sanrio Rugs,2,1,130,1,1,130,74,192
Item:Kiki & Lala rug (New Horizons),Kiki & Lala rug,Kiki & Lala地毯,キキ&ララなラグ,False,File:Kiki_&_Lala_Rug_NH_Icon.png,Kiki_&_Lala地毯_Kiki_&_Lala_rug.png,https://dodo.ac/np/images/5/59/Kiki_%26_Lala_Rug_NH_Icon.png,128,128,8209,images/rugs/Kiki_&_Lala地毯_Kiki_&_Lala_rug.webp,3.0 × 3.0,M,中型 (M),12290,RugOtherKikilalaM,0,12290,140,75,Nook Shopping Promotion,promo,聯名合作,コラボ商品,Promotion / Collab,Pink,Aqua,粉紅 / 水藍,ピンク / アクア,Pink / Aqua,1.9.0,1,No,Sanrio Rugs,6,1,130,1,1,130,75,193
Item:My Melody rug (New Horizons),My Melody rug,My Melody地毯,マイメロディなラグ,False,File:My_Melody_Rug_NH_Icon.png,My_Melody地毯_My_Melody_rug.png,https://dodo.ac/np/images/8/8e/My_Melody_Rug_NH_Icon.png,128,128,8611,images/rugs/My_Melody地毯_My_Melody_rug.webp,3.0 × 3.0,M,中型 (M),12292,RugOtherMymelodyM,0,12292,142,100,Nook Shopping Promotion,promo,聯名合作,コラボ商品,Promotion / Collab,Pink,White,粉紅 / 白,ピンク / ホワイト,Pink / White,1.9.0,1,No,Sanrio Rugs,1,1,130,1,1,130,100,194
Item:Pompompurin rug (New Horizons),Pompompurin rug,Pompompurin地毯,ポムポムプリンなラグ,False,File:Pompompurin_Rug_NH_Icon.png,Pompompurin地毯_Pompompurin_rug.png,https://dodo.ac/np/images/2/25/Pompompurin_Rug_NH_Icon.png,128,128,8434,images/rugs/Pompompurin地毯_Pompompurin_rug.webp,3.0 × 3.0,M,中型 (M),12293,RugOtherPurinM,0,12293,143,118,Nook Shopping Promotion,promo,聯名合作,コラボ商品,Promotion / Collab,Yellow,Yellow,黃,イエロー,Yellow,1.9.0,1,No,Sanrio Rugs,5,1,130,1,1,130,118,195
Item:Bone entrance mat (New Horizons),Bone entrance mat,骨頭玄關地毯,ボーンなげんかんマット,False,File:Bone_Entrance_Mat_NH_Icon.png,骨頭玄關地毯_Bone_entrance_mat.png,https://dodo.ac/np/images/5/59/Bone_Entrance_Mat_NH_Icon.png,128,128,7658,images/rugs/骨頭玄關地毯_Bone_entrance_mat.webp,2.0 × 1.0,S,小型 (S),12363,RugOtherBoneS,0,12363,151,25,Saharah's Co-op,saharah,駱嵐,ローラン,Saharah,Green,Green,綠,グリーン,Green,2.0.0,2,No,Icon Rugs,7,1,110,1,2,110,25,196
Item:Cherry-blossom rug (New Horizons),Cherry-blossom rug,櫻花地毯,さくらのラグ,False,File:Cherry-Blossom_Rug_NH_Icon.png,櫻花地毯_Cherry-blossom_rug.png,https://dodo.ac/np/images/9/95/Cherry-Blossom_Rug_NH_Icon.png,128,128,6884,images/rugs/櫻花地毯_Cherry-blossom_rug.webp,3.0 × 3.0,M,中型 (M),12351,RugOtherSakuraM,0,12351,150,34,Crafting,diy,DIY製作,DIYレシピ,Crafting,Pink,Pink,粉紅,ピンク,Pink,2.0.0,2,No,Icon Rugs,6,1,110,1,2,110,34,197
Item:Cookie rug (New Horizons),Cookie rug,餅乾地毯,ビスケットのラグ,False,File:Cookie_Rug_NH_Icon.png,餅乾地毯_Cookie_rug.png,https://dodo.ac/np/images/b/b3/Cookie_Rug_NH_Icon.png,128,128,9062,images/rugs/餅乾地毯_Cookie_rug.webp,3.0 × 3.0,M,中型 (M),12219,RugRoundBiscuitM,0,12219,134,38,Saharah's Co-op,saharah,駱嵐,ローラン,Saharah,Orange,Yellow,橘 / 黃,オレンジ / イエロー,Orange / Yellow,2.0.0,2,No,Icon Rugs,5,1,110,1,2,110,38,198
Item:Maple-leaf rug (New Horizons),Maple-leaf rug,楓葉地毯,もみじのラグ,False,File:Maple-Leaf_Rug_NH_Icon.png,楓葉地毯_Maple-leaf_rug.png,https://dodo.ac/np/images/d/db/Maple-Leaf_Rug_NH_Icon.png,128,128,7096,images/rugs/楓葉地毯_Maple-leaf_rug.webp,3.0 × 3.0,M,中型 (M),12390,RugOtherMapleM,0,12390,157,89,Crafting,diy,DIY製作,DIYレシピ,Crafting,Red,Orange,紅 / 橘,レッド / オレンジ,Red / Orange,2.0.0,2,No,Icon Rugs,5,1,110,1,2,110,89,199
Item:Record rug (New Horizons),Record rug,唱片地毯,レコードのラグ,False,File:Record_Rug_NH_Icon.png,唱片地毯_Record_rug.png,https://dodo.ac/np/images/c/c2/Record_Rug_NH_Icon.png,128,128,8422,images/rugs/唱片地毯_Record_rug.webp,3.0 × 3.0,M,中型 (M),12328,RugRoundRecordM,0,12328,145,122,Saharah's Co-op,saharah,駱嵐,ローラン,Saharah,Black,Red,黑 / 紅,ブラック / レッド,Black / Red,2.0.0,2,No,Icon Rugs,4,1,110,1,2,110,122,200
Item:Yellow watermelon rug (New Horizons),Yellow watermelon rug,黃色西瓜地毯,きいろいスイカのラグ,False,File:Yellow_Watermelon_Rug_NH_Icon.png,黃色西瓜地毯_Yellow_watermelon_rug.png,https://dodo.ac/np/images/f/f1/Yellow_Watermelon_Rug_NH_Icon.png,128,128,8518,images/rugs/黃色西瓜地毯_Yellow_watermelon_rug.webp,3.0 × 3.0,M,中型 (M),12216,RugOtherWatermelonM,1,12215,132,208,Saharah's Co-op,saharah,駱嵐,ローラン,Saharah,Yellow,Green,黃 / 綠,イエロー / グリーン,Yellow / Green,2.0.0,2,No,Fruit Rugs,5,1,110,1,2,110,137,201
Item:Red watermelon rug (New Horizons),Red watermelon rug,紅色西瓜地毯,あかいスイカのラグ,False,File:Red_Watermelon_Rug_NH_Icon.png,紅色西瓜地毯_Red_watermelon_rug.png,https://dodo.ac/np/images/a/a5/Red_Watermelon_Rug_NH_Icon.png,128,128,8823,images/rugs/紅色西瓜地毯_Red_watermelon_rug.webp,3.0 × 3.0,M,中型 (M),12215,RugOtherWatermelonM,0,12215,131,137,Saharah's Co-op,saharah,駱嵐,ローラン,Saharah,Red,Green,紅 / 綠,レッド / グリーン,Red / Green,2.0.0,2,No,Fruit Rugs,6,1,110,1,2,110,137,202
Item:Skull rug (New Horizons),Skull rug,骷髏地毯,スカルのラグ,False,File:Skull_Rug_NH_Icon.png,骷髏地毯_Skull_rug.png,https://dodo.ac/np/images/2/27/Skull_Rug_NH_Icon.png,128,128,10794,images/rugs/骷髏地毯_Skull_rug.webp,3.0 × 3.0,M,中型 (M),12334,RugOtherSkullM,0,12334,148,168,Saharah's Co-op,saharah,駱嵐,ローラン,Saharah,Gray,Black,灰 / 黑,グレー / ブラック,Gray / Black,2.0.0,2,No,Icon Rugs,3,1,110,1,2,110,168,203
Item:Light bamboo bath mat (New Horizons),Light bamboo bath mat,淺色竹子浴室地墊,ライトなバンブーバスマット,False,File:Light_Bamboo_Bath_Mat_NH_Icon.png,淺色竹子浴室地墊_Light_bamboo_bath_mat.png,https://dodo.ac/np/images/a/aa/Light_Bamboo_Bath_Mat_NH_Icon.png,128,128,10043,images/rugs/淺色竹子浴室地墊_Light_bamboo_bath_mat.webp,2.0 × 1.0,S,小型 (S),12399,RugRectBambooS,0,12399,164,81,Crafting,diy,DIY製作,DIYレシピ,Crafting,Beige,Brown,米 / 棕,ベージュ / ブラウン,Beige / Brown,2.0.0,2,No,Wood Rugs,2,1,120,1,2,120,39,204
Item:Dark bamboo bath mat (New Horizons),Dark bamboo bath mat,深色竹子浴室地墊,ダークなバンブーバスマット,False,File:Dark_Bamboo_Bath_Mat_NH_Icon.png,深色竹子浴室地墊_Dark_bamboo_bath_mat.png,https://dodo.ac/np/images/e/e1/Dark_Bamboo_Bath_Mat_NH_Icon.png,128,128,9657,images/rugs/深色竹子浴室地墊_Dark_bamboo_bath_mat.webp,2.0 × 1.0,S,小型 (S),12400,RugRectBambooS,1,12399,165,39,Crafting,diy,DIY製作,DIYレシピ,Crafting,Brown,Brown,棕,ブラウン,Brown,2.0.0,2,No,Wood Rugs,2,1,120,1,2,120,39,205
Item:Yellow bamboo mat (New Horizons),Yellow bamboo mat,黃色竹子鋪墊,きいろいたけのしきもの,False,File:Yellow_Bamboo_Mat_NH_Icon.png,黃色竹子鋪墊_Yellow_bamboo_mat.png,https://dodo.ac/np/images/3/39/Yellow_Bamboo_Mat_NH_Icon.png,128,128,8833,images/rugs/黃色竹子鋪墊_Yellow_bamboo_mat.webp,2.0 × 1.0,S,小型 (S),12330,RugRectBambooBathmatS,1,12329,147,194,Crafting,diy,DIY製作,DIYレシピ,Crafting,Yellow,Yellow,黃,イエロー,Yellow,2.0.0,2,No,Kitchen Rugs,5,1,120,1,2,120,59,206
Item:Green bamboo mat (New Horizons),Green bamboo mat,綠色竹子鋪墊,みどりのたけのしきもの,False,File:Green_Bamboo_Mat_NH_Icon.png,綠色竹子鋪墊_Green_bamboo_mat.png,https://dodo.ac/np/images/d/dd/Green_Bamboo_Mat_NH_Icon.png,128,128,8773,images/rugs/綠色竹子鋪墊_Green_bamboo_mat.webp,2.0 × 1.0,S,小型 (S),12329,RugRectBambooBathmatS,0,12329,146,59,Crafting,diy,DIY製作,DIYレシピ,Crafting,Green,Green,綠,グリーン,Green,2.0.0,2,No,Kitchen Rugs,7,1,120,1,2,120,59,207
Item:Starry-skies rug (New Horizons),Starry-skies rug,星空地毯,ほしぞらのラグ,False,File:Starry-Skies_Rug_NH_Icon.png,星空地毯_Starry-skies_rug.png,https://dodo.ac/np/images/9/91/Starry-Skies_Rug_NH_Icon.png,128,128,10182,images/rugs/星空地毯_Starry-skies_rug.webp,3.0 × 3.0,M,中型 (M),12521,RugRoundZodiacM,0,12521,169,174,Crafting,diy,DIY製作,DIYレシピ,Crafting,Blue,Blue,藍,ブルー,Blue,2.0.0,2,No,Shaggy Round Rugs,8,1,120,1,2,120,174,208
Item:LEGO® space logo rug (New Horizons),LEGO® space logo rug,LEGO®太空任務地毯,LEGO®スペースミッションラグ,False,File:LEGO®_Space_Logo_Rug_NH_Icon.png,LEGO®太空任務地毯_LEGO®_space_logo_rug.png,https://dodo.ac/np/images/5/53/LEGO%C2%AE_Space_Logo_Rug_NH_Icon.png,128,128,5249,images/rugs/LEGO®太空任務地毯_LEGO®_space_logo_rug.webp,3.0 × 2.0,M,中型 (M),1293,RugOtherLEGOM,0,1293,0,80,Nook Shopping Promotion,promo,聯名合作,コラボ商品,Promotion / Collab,Yellow,Red,黃 / 紅,イエロー / レッド,Yellow / Red,3.0.0,3,No,RugLEGO,5,1,130,1,3,130,80,209
